,location_id,address_1,address_2,city,state,zip,county,location_source_value
0,2747,,,,54,,54740,54-740
1,2937,,,,54,,54440,54-440
2,71,,,,54,,54320,54-320
3,1707,,,,54,,54760,54-760
4,1924,,,,54,,54400,54-400
5,2398,,,,54,,54770,54-770
6,566,,,,54,,54220,54-220
7,148,,,,54,,54640,54-640
8,1472,,,,54,,54720,54-720
9,2089,,,,54,,54260,54-260
10,1745,,,,54,,54650,54-650
11,2828,,,,54,,54580,54-580
12,2885,,,,54,,54980,54-980
13,2523,,,,54,,54180,54-180
14,2732,,,,54,,54360,54-360
15,1105,,,,54,,54080,54-080
16,1608,,,,54,,54300,54-300
17,569,,,,54,,54520,54-520
18,1032,,,,54,,54490,54-490
19,1821,,,,54,,54500,54-500
20,3016,,,,54,,54890,54-890
21,3174,,,,54,,54870,54-870
22,153,,,,54,,54999,54-999
23,796,,,,54,,54140,54-140
24,1673,,,,54,,54270,54-270
25,2674,,,,54,,54610,54-610
26,856,,,,54,,54420,54-420
27,1722,,,,54,,54190,54-190
28,697,,,,54,,54170,54-170
29,1303,,,,54,,54120,54-120
30,2121,,,,54,,54210,54-210
31,2442,,,,54,,54410,54-410
32,2856,,,,54,,54390,54-390
33,1597,,,,54,,54200,54-200
34,3108,,,,54,,54950,54-950
35,2195,,,,54,,54450,54-450
36,2777,,,,54,,54660,54-660
37,1656,,,,54,,54430,54-430
38,2435,,,,54,,54880,54-880
39,1027,,,,54,,54100,54-100
40,2044,,,,54,,54530,54-530
41,3036,,,,54,,54001,54-001
42,1314,,,,54,,54330,54-330
43,1565,,,,54,,54480,54-480
44,1907,,,,54,,54070,54-070
45,2171,,,,54,,54730,54-730
46,605,,,,54,,54570,54-570
47,1277,,,,54,,54680,54-680
48,134,,,,54,,54340,54-340
49,358,,,,54,,54620,54-620
50,292,,,,54,,54150,54-150
51,754,,,,54,,54110,54-110
52,1637,,,,54,,54370,54-370
53,1963,,,,54,,54510,54-510
54,3074,,,,54,,54460,54-460
55,1612,,,,54,,54020,54-020
56,2298,,,,54,,54280,54-280
57,2615,,,,54,,54670,54-670
58,1920,,,,54,,54310,54-310
59,2198,,,,54,,54380,54-380
60,1051,,,,54,,54160,54-160
61,2444,,,,54,,54290,54-290
62,846,,,,54,,54130,54-130
63,1431,,,,54,,54250,54-250
64,1628,,,,54,,54700,54-700
65,2439,,,,54,,54750,54-750
66,2456,,,,54,,54470,54-470
67,1453,,,,54,,54630,54-630
68,1914,,,,54,,54590,54-590
69,2982,,,,54,,54830,54-830
70,2140,,,,54,,54550,54-550
71,2030,,,,54,,54060,54-060
72,3027,,,,54,,54540,54-540
73,26,,,,54,,54000,54-000
74,955,,,,54,,54030,54-030
75,1918,,,,54,,54050,54-050
76,2038,,,,54,,54230,54-230
77,2815,,,,54,,54040,54-040
78,1103,,,,54,,54010,54-010
79,422,,,,54,,54350,54-350
80,1627,,,,54,,54560,54-560
81,696,,,,54,,54690,54-690
82,1558,,,,54,,54090,54-090
83,2753,,,,54,,54710,54-710
84,460,,,,AK,,02170,02-170
85,1515,,,,AK,,02090,02-090
86,2695,,,,AK,,02220,02-220
87,2915,,,,AK,,02080,02-080
88,2401,,,,AK,,02130,02-130
89,111,,,,AK,,02020,02-020
90,1986,,,,AK,,02280,02-280
91,3130,,,,AK,,02100,02-100
92,2870,,,,AK,,02040,02-040
93,2468,,,,AK,,02200,02-200
94,3084,,,,AK,,02190,02-190
95,2341,,,,AK,,02070,02-070
96,2617,,,,AK,,02150,02-150
97,1041,,,,AK,,02270,02-270
98,598,,,,AK,,02110,02-110
99,3161,,,,AK,,02160,02-160
100,3010,,,,AK,,02010,02-010
101,2946,,,,AK,,02260,02-260
102,2517,,,,AK,,02050,02-050
103,775,,,,AK,,02180,02-180
104,3015,,,,AK,,02230,02-230
105,2504,,,,AK,,02240,02-240
106,2479,,,,AK,,02210,02-210
107,852,,,,AK,,02120,02-120
108,3175,,,,AK,,02250,02-250
109,718,,,,AK,,02290,02-290
110,1436,,,,AK,,02060,02-060
111,347,,,,AL,,01540,01-540
112,1028,,,,AL,,01100,01-100
113,1823,,,,AL,,01060,01-060
114,2721,,,,AL,,01310,01-310
115,480,,,,AL,,01490,01-490
116,1300,,,,AL,,01280,01-280
117,2518,,,,AL,,01140,01-140
118,748,,,,AL,,01340,01-340
119,774,,,,AL,,01230,01-230
120,1662,,,,AL,,01030,01-030
121,1811,,,,AL,,01050,01-050
122,200,,,,AL,,01360,01-360
123,2669,,,,AL,,01300,01-300
124,691,,,,AL,,01580,01-580
125,1104,,,,AL,,01220,01-220
126,1184,,,,AL,,01010,01-010
127,1405,,,,AL,,01420,01-420
128,1487,,,,AL,,01660,01-660
129,1064,,,,AL,,01470,01-470
130,526,,,,AL,,01380,01-380
131,619,,,,AL,,01070,01-070
132,2067,,,,AL,,01430,01-430
133,2596,,,,AL,,01170,01-170
134,751,,,,AL,,01630,01-630
135,1227,,,,AL,,01120,01-120
136,1296,,,,AL,,01350,01-350
137,724,,,,AL,,01190,01-190
138,1233,,,,AL,,01290,01-290
139,1144,,,,AL,,01530,01-530
140,2129,,,,AL,,01200,01-200
141,755,,,,AL,,01560,01-560
142,2716,,,,AL,,01650,01-650
143,978,,,,AL,,01160,01-160
144,1010,,,,AL,,01400,01-400
145,2221,,,,AL,,01000,01-000
146,932,,,,AL,,01210,01-210
147,1151,,,,AL,,01410,01-410
148,2352,,,,AL,,01640,01-640
149,634,,,,AL,,01320,01-320
150,110,,,,AL,,01550,01-550
151,664,,,,AL,,01480,01-480
152,2377,,,,AL,,01590,01-590
153,800,,,,AL,,01090,01-090
154,2974,,,,AL,,01520,01-520
155,713,,,,AL,,01240,01-240
156,491,,,,AL,,01020,01-020
157,2236,,,,AL,,01450,01-450
158,10,,,,AL,,01570,01-570
159,122,,,,AL,,01270,01-270
160,1282,,,,AL,,01460,01-460
161,2531,,,,AL,,01370,01-370
162,1697,,,,AL,,01180,01-180
163,2494,,,,AL,,01110,01-110
164,1578,,,,AL,,01390,01-390
165,1874,,,,AL,,01150,01-150
166,2271,,,,AL,,01330,01-330
167,926,,,,AL,,01500,01-500
168,996,,,,AL,,01260,01-260
169,1848,,,,AL,,01600,01-600
170,2817,,,,AL,,01130,01-130
171,777,,,,AL,,01040,01-040
172,396,,,,AL,,01620,01-620
173,1305,,,,AL,,01610,01-610
174,323,,,,AL,,01250,01-250
175,1712,,,,AL,,01080,01-080
176,103,,,,AL,,01440,01-440
177,711,,,,AL,,01510,01-510
178,1248,,,,AR,,04620,04-620
179,1593,,,,AR,,04640,04-640
180,2574,,,,AR,,04310,04-310
181,90,,,,AR,,04150,04-150
182,1278,,,,AR,,04470,04-470
183,2158,,,,AR,,04540,04-540
184,1898,,,,AR,,04350,04-350
185,2586,,,,AR,,04560,04-560
186,1404,,,,AR,,04160,04-160
187,2409,,,,AR,,04610,04-610
188,2850,,,,AR,,04120,04-120
189,2770,,,,AR,,04500,04-500
190,132,,,,AR,,04030,04-030
191,1307,,,,AR,,04670,04-670
192,2625,,,,AR,,04190,04-190
193,1713,,,,AR,,04580,04-580
194,1111,,,,AR,,04250,04-250
195,1977,,,,AR,,04550,04-550
196,2784,,,,AR,,04490,04-490
197,138,,,,AR,,04110,04-110
198,1161,,,,AR,,04710,04-710
199,2092,,,,AR,,04170,04-170
200,2743,,,,AR,,04480,04-480
201,534,,,,AR,,04280,04-280
202,1789,,,,AR,,04360,04-360
203,1035,,,,AR,,04100,04-100
204,1118,,,,AR,,04440,04-440
205,1701,,,,AR,,04270,04-270
206,876,,,,AR,,04450,04-450
207,2037,,,,AR,,04630,04-630
208,1364,,,,AR,,04720,04-720
209,895,,,,AR,,04070,04-070
210,458,,,,AR,,04600,04-600
211,1000,,,,AR,,04130,04-130
212,2125,,,,AR,,04230,04-230
213,2626,,,,AR,,04260,04-260
214,304,,,,AR,,04370,04-370
215,333,,,,AR,,04020,04-020
216,414,,,,AR,,04650,04-650
217,1947,,,,AR,,04000,04-000
218,449,,,,AR,,04690,04-690
219,1141,,,,AR,,04090,04-090
220,1779,,,,AR,,04570,04-570
221,144,,,,AR,,04430,04-430
222,1868,,,,AR,,04180,04-180
223,2571,,,,AR,,04240,04-240
224,1068,,,,AR,,04410,04-410
225,2356,,,,AR,,04050,04-050
226,1438,,,,AR,,04320,04-320
227,1207,,,,AR,,04730,04-730
228,1887,,,,AR,,04700,04-700
229,334,,,,AR,,04510,04-510
230,1365,,,,AR,,04040,04-040
231,1511,,,,AR,,04420,04-420
232,1916,,,,AR,,04010,04-010
233,2007,,,,AR,,04140,04-140
234,2713,,,,AR,,04060,04-060
235,647,,,,AR,,04300,04-300
236,779,,,,AR,,04220,04-220
237,1049,,,,AR,,04740,04-740
238,2757,,,,AR,,04400,04-400
239,2683,,,,AR,,04200,04-200
240,1351,,,,AR,,04340,04-340
241,2139,,,,AR,,04530,04-530
242,2589,,,,AR,,04520,04-520
243,1505,,,,AR,,04390,04-390
244,1953,,,,AR,,04290,04-290
245,2601,,,,AR,,04680,04-680
246,238,,,,AR,,04590,04-590
247,368,,,,AR,,04330,04-330
248,1401,,,,AR,,04460,04-460
249,2536,,,,AR,,04380,04-380
250,1772,,,,AR,,04210,04-210
251,2272,,,,AR,,04080,04-080
252,2704,,,,AR,,04660,04-660
253,1241,,,,AZ,,03030,03-030
254,1988,,,,AZ,,03040,03-040
255,88,,,,AZ,,03010,03-010
256,628,,,,AZ,,03080,03-080
257,2801,,,,AZ,,03055,03-055
258,474,,,,AZ,,03070,03-070
259,1613,,,,AZ,,03110,03-110
260,1382,,,,AZ,,03020,03-020
261,25,,,,AZ,,03090,03-090
262,1142,,,,AZ,,03000,03-000
263,87,,,,AZ,,03060,03-060
264,677,,,,AZ,,03130,03-130
265,235,,,,AZ,,03120,03-120
266,538,,,,AZ,,03100,03-100
267,2514,,,,AZ,,03050,03-050
268,625,,,,CA,,05170,05-170
269,2244,,,,CA,,05630,05-630
270,1050,,,,CA,,05550,05-550
271,183,,,,CA,,05490,05-490
272,887,,,,CA,,05410,05-410
273,450,,,,CA,,05650,05-650
274,769,,,,CA,,05140,05-140
275,1129,,,,CA,,05330,05-330
276,2766,,,,CA,,05560,05-560
277,441,,,,CA,,05060,05-060
278,3044,,,,CA,,05770,05-770
279,1786,,,,CA,,05570,05-570
280,345,,,,CA,,05480,05-480
281,878,,,,CA,,05040,05-040
282,1124,,,,CA,,05370,05-370
283,128,,,,CA,,05380,05-380
284,48,,,,CA,,05640,05-640
285,1073,,,,CA,,05610,05-610
286,364,,,,CA,,05500,05-500
287,1644,,,,CA,,05020,05-020
288,60,,,,CA,,05660,05-660
289,821,,,,CA,,05520,05-520
290,46,,,,CA,,05200,05-200
291,850,,,,CA,,05310,05-310
292,2739,,,,CA,,05130,05-130
293,165,,,,CA,,05600,05-600
294,440,,,,CA,,05000,05-000
295,2372,,,,CA,,05320,05-320
296,92,,,,CA,,05120,05-120
297,394,,,,CA,,05390,05-390
298,763,,,,CA,,05680,05-680
299,830,,,,CA,,05420,05-420
300,1238,,,,CA,,05100,05-100
301,600,,,,CA,,05030,05-030
302,55,,,,CA,,05210,05-210
303,1684,,,,CA,,05350,05-350
304,282,,,,CA,,05340,05-340
305,849,,,,CA,,05620,05-620
306,966,,,,CA,,05540,05-540
307,3079,,,,CA,,05360,05-360
308,2606,,,,CA,,05450,05-450
309,78,,,,CA,,05400,05-400
310,30,,,,CA,,05090,05-090
311,220,,,,CA,,05080,05-080
312,1135,,,,CA,,05150,05-150
313,73,,,,CA,,05510,05-510
314,164,,,,CA,,05110,05-110
315,237,,,,CA,,05460,05-460
316,260,,,,CA,,05440,05-440
317,556,,,,CA,,05530,05-530
318,898,,,,CA,,05300,05-300
319,3131,,,,CA,,05010,05-010
320,1326,,,,CA,,05070,05-070
321,1030,,,,CA,,05670,05-670
322,74,,,,CA,,05580,05-580
323,85,,,,CA,,05470,05-470
324,393,,,,CA,,05590,05-590
325,2088,,,,CA,,05050,05-050
326,152,,,,CA,,05160,05-160
327,150,,,,CA,,05430,05-430
328,475,,,,CO,,06020,06-020
329,917,,,,CO,,06610,06-610
330,2663,,,,CO,,06360,06-360
331,2882,,,,CO,,06030,06-030
332,4,,,,CO,,06290,06-290
333,2098,,,,CO,,06320,06-320
334,2326,,,,CO,,06100,06-100
335,388,,,,CO,,06330,06-330
336,907,,,,CO,,06170,06-170
337,2472,,,,CO,,06480,06-480
338,2483,,,,CO,,06160,06-160
339,16,,,,CO,,06140,06-140
340,3019,,,,CO,,06450,06-450
341,2584,,,,CO,,06600,06-600
342,571,,,,CO,,06210,06-210
343,112,,,,CO,,06410,06-410
344,1069,,,,CO,,06000,06-000
345,1125,,,,CO,,06010,06-010
346,2734,,,,CO,,06460,06-460
347,2633,,,,CO,,06400,06-400
348,2952,,,,CO,,06250,06-250
349,281,,,,CO,,06150,06-150
350,3047,,,,CO,,06050,06-050
351,1716,,,,CO,,06490,06-490
352,3088,,,,CO,,06540,06-540
353,2295,,,,CO,,06220,06-220
354,80,,,,CO,,06500,06-500
355,2259,,,,CO,,06590,06-590
356,1014,,,,CO,,06380,06-380
357,1357,,,,CO,,06310,06-310
358,2558,,,,CO,,06080,06-080
359,1936,,,,CO,,06190,06-190
360,1095,,,,CO,,06350,06-350
361,2256,,,,CO,,06530,06-530
362,3156,,,,CO,,06090,06-090
363,2812,,,,CO,,06630,06-630
364,2737,,,,CO,,06300,06-300
365,1991,,,,CO,,06180,06-180
366,1146,,,,CO,,06420,06-420
367,2192,,,,CO,,06430,06-430
368,2782,,,,CO,,06510,06-510
369,773,,,,CO,,06440,06-440
370,2440,,,,CO,,06570,06-570
371,2838,,,,CO,,06270,06-270
372,1700,,,,CO,,06470,06-470
373,1837,,,,CO,,06370,06-370
374,2805,,,,CO,,06070,06-070
375,3082,,,,CO,,06620,06-620
376,621,,,,CO,,06340,06-340
377,248,,,,CO,,06200,06-200
378,1762,,,,CO,,06130,06-130
379,2238,,,,CO,,06040,06-040
380,2973,,,,CO,,06240,06-240
381,3093,,,,CO,,06520,06-520
382,3104,,,,CO,,06560,06-560
383,436,,,,CO,,06060,06-060
384,1407,,,,CO,,06230,06-230
385,82,,,,CT,,07010,07-010
386,160,,,,CT,,07040,07-040
387,486,,,,CT,,07050,07-050
388,1655,,,,CT,,07060,07-060
389,335,,,,CT,,07020,07-020
390,167,,,,CT,,07000,07-000
391,674,,,,CT,,07030,07-030
392,490,,,,CT,,07070,07-070
393,197,,,,DC,,09000,09-000
394,1057,,,,DE,,08000,08-000
395,523,,,,DE,,08020,08-020
396,107,,,,DE,,08010,08-010
397,442,,,,FL,,10560,10-560
398,515,,,,FL,,10580,10-580
399,591,,,,FL,,10650,10-650
400,764,,,,FL,,10310,10-310
401,820,,,,FL,,10080,10-080
402,918,,,,FL,,10110,10-110
403,1572,,,,FL,,10210,10-210
404,950,,,,FL,,10480,10-480
405,2868,,,,FL,,10230,10-230
406,476,,,,FL,,10300,10-300
407,2482,,,,FL,,10330,10-330
408,712,,,,FL,,10550,10-550
409,2342,,,,FL,,10030,10-030
410,3185,,,,FL,,10820,10-820
411,2010,,,,FL,,10660,10-660
412,2622,,,,FL,,10010,10-010
413,676,,,,FL,,10320,10-320
414,2978,,,,FL,,10380,10-380
415,521,,,,FL,,10040,10-040
416,1571,,,,FL,,10060,10-060
417,31,,,,FL,,10150,10-150
418,176,,,,FL,,10540,10-540
419,452,,,,FL,,10370,10-370
420,730,,,,FL,,10260,10-260
421,229,,,,FL,,10350,10-350
422,255,,,,FL,,10190,10-190
423,69,,,,FL,,10120,10-120
424,109,,,,FL,,10100,10-100
425,329,,,,FL,,10460,10-460
426,2645,,,,FL,,10290,10-290
427,147,,,,FL,,10000,10-000
428,2535,,,,FL,,10180,10-180
429,127,,,,FL,,10470,10-470
430,980,,,,FL,,10170,10-170
431,170,,,,FL,,10050,10-050
432,1250,,,,FL,,10200,10-200
433,253,,,,FL,,10400,10-400
434,1145,,,,FL,,10070,10-070
435,1616,,,,FL,,10240,10-240
436,1222,,,,FL,,10420,10-420
437,239,,,,FL,,10090,10-090
438,324,,,,FL,,10340,10-340
439,52,,,,FL,,10280,10-280
440,1418,,,,FL,,10430,10-430
441,1532,,,,FL,,10220,10-220
442,89,,,,FL,,10490,10-490
443,1531,,,,FL,,10390,10-390
444,1692,,,,FL,,10130,10-130
445,1009,,,,FL,,10450,10-450
446,228,,,,FL,,10250,10-250
447,188,,,,FL,,10160,10-160
448,84,,,,FL,,10500,10-500
449,828,,,,FL,,10530,10-530
450,250,,,,FL,,10590,10-590
451,786,,,,FL,,10360,10-360
452,1291,,,,FL,,10440,10-440
453,2267,,,,FL,,10640,10-640
454,901,,,,FL,,10630,10-630
455,420,,,,FL,,10410,10-410
456,2411,,,,FL,,10610,10-610
457,1245,,,,FL,,10270,10-270
458,1348,,,,FL,,10020,10-020
459,1788,,,,FL,,10140,10-140
460,2061,,,,FL,,10600,10-600
461,61,,,,FL,,10570,10-570
462,1337,,,,FL,,10620,10-620
463,268,,,,FL,,10510,10-510
464,863,,,,FL,,10520,10-520
465,788,,,,GA,,11370,11-370
466,924,,,,GA,,11250,11-250
467,1527,,,,GA,,11861,11-861
468,1529,,,,GA,,11310,11-310
469,1800,,,,GA,,11612,11-612
470,2773,,,,GA,,11341,11-341
471,3039,,,,GA,,11011,11-011
472,3178,,,,GA,,11420,11-420
473,233,,,,GA,,11921,11-921
474,487,,,,GA,,11780,11-780
475,297,,,,GA,,11570,11-570
476,772,,,,GA,,11030,11-030
477,847,,,,GA,,11920,11-920
478,1037,,,,GA,,11970,11-970
479,3002,,,,GA,,11821,11-821
480,719,,,,GA,,11840,11-840
481,1603,,,,GA,,11771,11-771
482,2833,,,,GA,,11230,11-230
483,411,,,,GA,,11400,11-400
484,1046,,,,GA,,11500,11-500
485,1055,,,,GA,,11280,11-280
486,2008,,,,GA,,11834,11-834
487,2209,,,,GA,,11885,11-885
488,2399,,,,GA,,11702,11-702
489,2568,,,,GA,,11820,11-820
490,2924,,,,GA,,11772,11-772
491,467,,,,GA,,11180,11-180
492,1156,,,,GA,,11311,11-311
493,1355,,,,GA,,11870,11-870
494,1717,,,,GA,,11883,11-883
495,3107,,,,GA,,11010,11-010
496,1966,,,,GA,,11901,11-901
497,3045,,,,GA,,11842,11-842
498,567,,,,GA,,11800,11-800
499,2959,,,,GA,,11161,11-161
500,795,,,,GA,,11461,11-461
501,1193,,,,GA,,11390,11-390
502,1942,,,,GA,,11850,11-850
503,2163,,,,GA,,11080,11-080
504,3110,,,,GA,,11630,11-630
505,1921,,,,GA,,11910,11-910
506,202,,,,GA,,11940,11-940
507,272,,,,GA,,11421,11-421
508,1658,,,,GA,,11851,11-851
509,2013,,,,GA,,11300,11-300
510,2387,,,,GA,,11971,11-971
511,428,,,,GA,,11070,11-070
512,974,,,,GA,,11050,11-050
513,1617,,,,GA,,11490,11-490
514,2548,,,,GA,,11680,11-680
515,2969,,,,GA,,11903,11-903
516,68,,,,GA,,11090,11-090
517,814,,,,GA,,11963,11-963
518,2105,,,,GA,,11740,11-740
519,2423,,,,GA,,11832,11-832
520,1466,,,,GA,,11790,11-790
521,3077,,,,GA,,11770,11-770
522,3127,,,,GA,,11480,11-480
523,2400,,,,GA,,11972,11-972
524,2843,,,,GA,,11941,11-941
525,298,,,,GA,,11980,11-980
526,1349,,,,GA,,11710,11-710
527,2698,,,,GA,,11601,11-601
528,868,,,,GA,,11973,11-973
529,2152,,,,GA,,11220,11-220
530,2250,,,,GA,,11580,11-580
531,2277,,,,GA,,11200,11-200
532,3025,,,,GA,,11862,11-862
533,166,,,,GA,,11530,11-530
534,1367,,,,GA,,11703,11-703
535,2217,,,,GA,,11591,11-591
536,2814,,,,GA,,11801,11-801
537,1191,,,,GA,,11190,11-190
538,2628,,,,GA,,11881,11-881
539,2883,,,,GA,,11611,11-611
540,943,,,,GA,,11140,11-140
541,1400,,,,GA,,11902,11-902
542,1804,,,,GA,,11410,11-410
543,2123,,,,GA,,11590,11-590
544,1112,,,,GA,,11913,11-913
545,1983,,,,GA,,11060,11-060
546,2363,,,,GA,,11810,11-810
547,2560,,,,GA,,11651,11-651
548,1128,,,,GA,,11451,11-451
549,1220,,,,GA,,11120,11-120
550,1614,,,,GA,,11440,11-440
551,1808,,,,GA,,11430,11-430
552,1922,,,,GA,,11640,11-640
553,1629,,,,GA,,11260,11-260
554,2051,,,,GA,,11750,11-750
555,2591,,,,GA,,11380,11-380
556,2642,,,,GA,,11652,11-652
557,1720,,,,GA,,11912,11-912
558,2083,,,,GA,,11835,11-835
559,2252,,,,GA,,11450,11-450
560,2437,,,,GA,,11160,11-160
561,2528,,,,GA,,11381,11-381
562,3053,,,,GA,,11701,11-701
563,3182,,,,GA,,11270,11-270
564,77,,,,GA,,11470,11-470
565,2276,,,,GA,,11441,11-441
566,2279,,,,GA,,11670,11-670
567,2348,,,,GA,,11620,11-620
568,2752,,,,GA,,11720,11-720
569,1635,,,,GA,,11911,11-911
570,2855,,,,GA,,11741,11-741
571,351,,,,GA,,11700,11-700
572,443,,,,GA,,11150,11-150
573,1522,,,,GA,,11291,11-291
574,2774,,,,GA,,11691,11-691
575,1749,,,,GA,,11841,11-841
576,1854,,,,GA,,11240,11-240
577,2360,,,,GA,,11860,11-860
578,2746,,,,GA,,11170,11-170
579,2931,,,,GA,,11880,11-880
580,1345,,,,GA,,11510,11-510
581,740,,,,GA,,11811,11-811
582,1554,,,,GA,,11882,11-882
583,1659,,,,GA,,11100,11-100
584,743,,,,GA,,11610,11-610
585,979,,,,GA,,11000,11-000
586,2025,,,,GA,,11471,11-471
587,2697,,,,GA,,11962,11-962
588,1350,,,,GA,,11040,11-040
589,1763,,,,GA,,11900,11-900
590,2963,,,,GA,,11210,11-210
591,2990,,,,GA,,11560,11-560
592,363,,,,GA,,11290,11-290
593,2618,,,,GA,,11650,11-650
594,2822,,,,GA,,11281,11-281
595,675,,,,GA,,11360,11-360
596,2028,,,,GA,,11520,11-520
597,3148,,,,GA,,11730,11-730
598,379,,,,GA,,11320,11-320
599,1469,,,,GA,,11020,11-020
600,2826,,,,GA,,11690,11-690
601,1998,,,,GA,,11884,11-884
602,2759,,,,GA,,11830,11-830
603,273,,,,GA,,11550,11-550
604,1257,,,,GA,,11130,11-130
605,666,,,,GA,,11930,11-930
606,1272,,,,GA,,11960,11-960
607,1890,,,,GA,,11812,11-812
608,1927,,,,GA,,11760,11-760
609,575,,,,GA,,11660,11-660
610,2851,,,,GA,,11340,11-340
611,1094,,,,GA,,11460,11-460
612,1569,,,,GA,,11462,11-462
613,2344,,,,GA,,11350,11-350
614,2492,,,,GA,,11581,11-581
615,2985,,,,GA,,11330,11-330
616,622,,,,GA,,11110,11-110
617,859,,,,GA,,11831,11-831
618,1971,,,,GA,,11890,11-890
619,2251,,,,GA,,11950,11-950
620,356,,,,GA,,11600,11-600
621,435,,,,GA,,11540,11-540
622,66,,,,HI,,12050,12-050
623,947,,,,HI,,12010,12-010
624,36,,,,HI,,12020,12-020
625,1306,,,,HI,,12040,12-040
626,804,,,,IA,,16210,16-210
627,2761,,,,IA,,16250,16-250
628,117,,,,IA,,16960,16-960
629,1397,,,,IA,,16500,16-500
630,1654,,,,IA,,16260,16-260
631,1681,,,,IA,,16540,16-540
632,2693,,,,IA,,16120,16-120
633,1217,,,,IA,,16850,16-850
634,1323,,,,IA,,16220,16-220
635,789,,,,IA,,16770,16-770
636,1504,,,,IA,,16440,16-440
637,1875,,,,IA,,16510,16-510
638,2094,,,,IA,,16660,16-660
639,2332,,,,IA,,16610,16-610
640,1074,,,,IA,,16180,16-180
641,1242,,,,IA,,16690,16-690
642,2512,,,,IA,,16080,16-080
643,2804,,,,IA,,16450,16-450
644,3033,,,,IA,,16350,16-350
645,2278,,,,IA,,16700,16-700
646,386,,,,IA,,16300,16-300
647,2142,,,,IA,,16290,16-290
648,236,,,,IA,,16100,16-100
649,2717,,,,IA,,16820,16-820
650,2965,,,,IA,,16530,16-530
651,3030,,,,IA,,16010,16-010
652,766,,,,IA,,16620,16-620
653,1576,,,,IA,,16320,16-320
654,1785,,,,IA,,16890,16-890
655,151,,,,IA,,16160,16-160
656,1127,,,,IA,,16020,16-020
657,1567,,,,IA,,16340,16-340
658,1946,,,,IA,,16050,16-050
659,2738,,,,IA,,16200,16-200
660,1960,,,,IA,,16360,16-360
661,2637,,,,IA,,16410,16-410
662,1943,,,,IA,,16630,16-630
663,2066,,,,IA,,16980,16-980
664,1815,,,,IA,,16480,16-480
665,1833,,,,IA,,16560,16-560
666,2254,,,,IA,,16520,16-520
667,3008,,,,IA,,16460,16-460
668,1370,,,,IA,,16090,16-090
669,2268,,,,IA,,16640,16-640
670,2740,,,,IA,,16710,16-710
671,1905,,,,IA,,16740,16-740
672,1748,,,,IA,,16880,16-880
673,2667,,,,IA,,16670,16-670
674,2904,,,,IA,,16680,16-680
675,997,,,,IA,,16930,16-930
676,2015,,,,IA,,16370,16-370
677,402,,,,IA,,16840,16-840
678,1967,,,,IA,,16590,16-590
679,2184,,,,IA,,16790,16-790
680,1410,,,,IA,,16950,16-950
681,1791,,,,IA,,16110,16-110
682,2877,,,,IA,,16920,16-920
683,2441,,,,IA,,16000,16-000
684,684,,,,IA,,16420,16-420
685,430,,,,IA,,16240,16-240
686,2071,,,,IA,,16280,16-280
687,2839,,,,IA,,16270,16-270
688,1615,,,,IA,,16060,16-060
689,2059,,,,IA,,16390,16-390
690,2384,,,,IA,,16580,16-580
691,1053,,,,IA,,16070,16-070
692,2583,,,,IA,,16330,16-330
693,1066,,,,IA,,16170,16-170
694,2367,,,,IA,,16190,16-190
695,2473,,,,IA,,16400,16-400
696,2524,,,,IA,,16140,16-140
697,896,,,,IA,,16130,16-130
698,2499,,,,IA,,16800,16-800
699,908,,,,IA,,16870,16-870
700,2510,,,,IA,,16730,16-730
701,2664,,,,IA,,16380,16-380
702,2863,,,,IA,,16550,16-550
703,823,,,,IA,,16720,16-720
704,1626,,,,IA,,16150,16-150
705,1732,,,,IA,,16430,16-430
706,2502,,,,IA,,16470,16-470
707,1206,,,,IA,,16030,16-030
708,2488,,,,IA,,16310,16-310
709,2282,,,,IA,,16830,16-830
710,642,,,,IA,,16810,16-810
711,2736,,,,IA,,16600,16-600
712,139,,,,IA,,16760,16-760
713,336,,,,IA,,16040,16-040
714,1330,,,,IA,,16230,16-230
715,1686,,,,IA,,16900,16-900
716,2248,,,,IA,,16780,16-780
717,444,,,,IA,,16750,16-750
718,2516,,,,IA,,16940,16-940
719,2520,,,,IA,,16650,16-650
720,2543,,,,IA,,16490,16-490
721,2811,,,,IA,,16860,16-860
722,802,,,,ID,,13410,13-410
723,1518,,,,ID,,13240,13-240
724,2939,,,,ID,,13070,13-070
725,1381,,,,ID,,13050,13-050
726,2273,,,,ID,,13010,13-010
727,1705,,,,ID,,13040,13-040
728,1265,,,,ID,,13170,13-170
729,2993,,,,ID,,13180,13-180
730,686,,,,ID,,13020,13-020
731,3064,,,,ID,,13110,13-110
732,982,,,,ID,,13190,13-190
733,1530,,,,ID,,13150,13-150
734,1179,,,,ID,,13250,13-250
735,1867,,,,ID,,13340,13-340
736,532,,,,ID,,13130,13-130
737,529,,,,ID,,13360,13-360
738,2262,,,,ID,,13330,13-330
739,2744,,,,ID,,13350,13-350
740,2979,,,,ID,,13300,13-300
741,15,,,,ID,,13270,13-270
742,1803,,,,ID,,13140,13-140
743,1002,,,,ID,,13090,13-090
744,2100,,,,ID,,13290,13-290
745,2101,,,,ID,,13430,13-430
746,3183,,,,ID,,13160,13-160
747,2161,,,,ID,,13280,13-280
748,2724,,,,ID,,13420,13-420
749,1352,,,,ID,,13260,13-260
750,2159,,,,ID,,13320,13-320
751,2983,,,,ID,,13380,13-380
752,2480,,,,ID,,13210,13-210
753,1268,,,,ID,,13230,13-230
754,2621,,,,ID,,13030,13-030
755,688,,,,ID,,13060,13-060
756,1671,,,,ID,,13370,13-370
757,662,,,,ID,,13000,13-000
758,803,,,,ID,,13080,13-080
759,2002,,,,ID,,13400,13-400
760,2311,,,,ID,,13100,13-100
761,2395,,,,ID,,13200,13-200
762,1454,,,,ID,,13390,13-390
763,1604,,,,ID,,13220,13-220
764,1293,,,,IL,,14900,14-900
765,2585,,,,IL,,14340,14-340
766,448,,,,IL,,14530,14-530
767,986,,,,IL,,14090,14-090
768,1435,,,,IL,,14980,14-980
769,1484,,,,IL,,14180,14-180
770,1117,,,,IL,,14810,14-810
771,1256,,,,IL,,14360,14-360
772,1580,,,,IL,,14120,14-120
773,819,,,,IL,,14310,14-310
774,542,,,,IL,,14470,14-470
775,2996,,,,IL,,14080,14-080
776,909,,,,IL,,14050,14-050
777,1047,,,,IL,,14020,14-020
778,1264,,,,IL,,14950,14-950
779,1795,,,,IL,,14760,14-760
780,274,,,,IL,,14350,14-350
781,722,,,,IL,,14920,14-920
782,983,,,,IL,,14700,14-700
783,1176,,,,IL,,14750,14-750
784,2170,,,,IL,,14520,14-520
785,806,,,,IL,,14400,14-400
786,426,,,,IL,,14970,14-970
787,1610,,,,IL,,14650,14-650
788,991,,,,IL,,14540,14-540
789,2049,,,,IL,,14770,14-770
790,2902,,,,IL,,14860,14-860
791,189,,,,IL,,14989,14-989
792,831,,,,IL,,14570,14-570
793,767,,,,IL,,14850,14-850
794,848,,,,IL,,14000,14-000
795,2062,,,,IL,,14710,14-710
796,3165,,,,IL,,14940,14-940
797,2493,,,,IL,,14830,14-830
798,660,,,,IL,,14660,14-660
799,1625,,,,IL,,14992,14-992
800,2060,,,,IL,,14590,14-590
801,289,,,,IL,,14550,14-550
802,1568,,,,IL,,14140,14-140
803,2397,,,,IL,,14981,14-981
804,2816,,,,IL,,14421,14-421
805,614,,,,IL,,14991,14-991
806,861,,,,IL,,14160,14-160
807,1533,,,,IL,,14910,14-910
808,1545,,,,IL,,14370,14-370
809,2228,,,,IL,,14460,14-460
810,2635,,,,IL,,14984,14-984
811,561,,,,IL,,14986,14-986
812,1340,,,,IL,,14490,14-490
813,2745,,,,IL,,14390,14-390
814,1353,,,,IL,,14450,14-450
815,2549,,,,IL,,14420,14-420
816,1132,,,,IL,,14960,14-960
817,1685,,,,IL,,14630,14-630
818,516,,,,IL,,14500,14-500
819,1778,,,,IL,,14780,14-780
820,2144,,,,IL,,14690,14-690
821,2355,,,,IL,,14070,14-070
822,550,,,,IL,,14670,14-670
823,3113,,,,IL,,14480,14-480
824,2077,,,,IL,,14030,14-030
825,970,,,,IL,,14150,14-150
826,2247,,,,IL,,14987,14-987
827,2443,,,,IL,,14600,14-600
828,2110,,,,IL,,14790,14-790
829,2469,,,,IL,,14880,14-880
830,243,,,,IL,,14250,14-250
831,256,,,,IL,,14800,14-800
832,2905,,,,IL,,14240,14-240
833,1054,,,,IL,,14560,14-560
834,70,,,,IL,,14890,14-890
835,2534,,,,IL,,14820,14-820
836,883,,,,IL,,14130,14-130
837,1536,,,,IL,,14330,14-330
838,2315,,,,IL,,14440,14-440
839,14,,,,IL,,14982,14-982
840,548,,,,IL,,14640,14-640
841,295,,,,IL,,14680,14-680
842,1646,,,,IL,,14010,14-010
843,1279,,,,IL,,14870,14-870
844,2819,,,,IL,,14380,14-380
845,2999,,,,IL,,14040,14-040
846,3032,,,,IL,,14740,14-740
847,544,,,,IL,,14610,14-610
848,2043,,,,IL,,14100,14-100
849,3097,,,,IL,,14831,14-831
850,668,,,,IL,,14988,14-988
851,1886,,,,IL,,14190,14-190
852,746,,,,IL,,14990,14-990
853,1640,,,,IL,,14620,14-620
854,2136,,,,IL,,14110,14-110
855,23,,,,IL,,14580,14-580
856,1750,,,,IL,,14730,14-730
857,225,,,,IL,,14510,14-510
858,1794,,,,IL,,14170,14-170
859,2825,,,,IL,,14410,14-410
860,57,,,,IL,,14141,14-141
861,2913,,,,IL,,14921,14-921
862,1414,,,,IL,,14983,14-983
863,2115,,,,IL,,14985,14-985
864,2938,,,,IL,,14320,14-320
865,2954,,,,IL,,14060,14-060
866,204,,,,IN,,15280,15-280
867,703,,,,IN,,15450,15-450
868,2720,,,,IN,,15130,15-130
869,353,,,,IN,,15010,15-010
870,610,,,,IN,,15390,15-390
871,3112,,,,IN,,15770,15-770
872,275,,,,IN,,15190,15-190
873,737,,,,IN,,15070,15-070
874,1325,,,,IN,,15610,15-610
875,194,,,,IN,,15780,15-780
876,2995,,,,IN,,15850,15-850
877,481,,,,IN,,15020,15-020
878,1384,,,,IN,,15060,15-060
879,2055,,,,IN,,15320,15-320
880,1718,,,,IN,,15360,15-360
881,753,,,,IN,,15660,15-660
882,798,,,,IN,,15520,15-520
883,752,,,,IN,,15700,15-700
884,1406,,,,IN,,15680,15-680
885,2338,,,,IN,,15710,15-710
886,485,,,,IN,,15400,15-400
887,1704,,,,IN,,15600,15-600
888,2783,,,,IN,,15790,15-790
889,2529,,,,IN,,15760,15-760
890,2054,,,,IN,,15740,15-740
891,190,,,,IN,,15480,15-480
892,1372,,,,IN,,15270,15-270
893,1599,,,,IN,,15200,15-200
894,1048,,,,IN,,15870,15-870
895,1486,,,,IN,,15290,15-290
896,2428,,,,IN,,15900,15-900
897,558,,,,IN,,15830,15-830
898,709,,,,IN,,15100,15-100
899,2847,,,,IN,,15500,15-500
900,2138,,,,IN,,15820,15-820
901,2867,,,,IN,,15550,15-550
902,3123,,,,IN,,15030,15-030
903,309,,,,IN,,15090,15-090
904,601,,,,IN,,15310,15-310
905,1347,,,,IN,,15730,15-730
906,2578,,,,IN,,15120,15-120
907,1131,,,,IN,,15890,15-890
908,1281,,,,IN,,15460,15-460
909,1019,,,,IN,,15410,15-410
910,606,,,,IN,,15430,15-430
911,1667,,,,IN,,15750,15-750
912,2425,,,,IN,,15910,15-910
913,2527,,,,IN,,15640,15-640
914,76,,,,IN,,15880,15-880
915,995,,,,IN,,15630,15-630
916,597,,,,IN,,15350,15-350
917,130,,,,IN,,15250,15-250
918,1036,,,,IN,,15720,15-720
919,1473,,,,IN,,15230,15-230
920,1488,,,,IN,,15420,15-420
921,316,,,,IN,,15860,15-860
922,729,,,,IN,,15300,15-300
923,939,,,,IN,,15260,15-260
924,1211,,,,IN,,15370,15-370
925,2807,,,,IN,,15220,15-220
926,2890,,,,IN,,15510,15-510
927,1688,,,,IN,,15240,15-240
928,2711,,,,IN,,15150,15-150
929,963,,,,IN,,15840,15-840
930,266,,,,IN,,15180,15-180
931,1865,,,,IN,,15000,15-000
932,1588,,,,IN,,15170,15-170
933,2318,,,,IN,,15380,15-380
934,1295,,,,IN,,15080,15-080
935,1590,,,,IN,,15160,15-160
936,1754,,,,IN,,15470,15-470
937,1996,,,,IN,,15650,15-650
938,2949,,,,IN,,15570,15-570
939,872,,,,IN,,15050,15-050
940,885,,,,IN,,15540,15-540
941,2107,,,,IN,,15490,15-490
942,1538,,,,IN,,15800,15-800
943,2907,,,,IN,,15040,15-040
944,498,,,,IN,,15330,15-330
945,964,,,,IN,,15690,15-690
946,1575,,,,IN,,15580,15-580
947,313,,,,IN,,15110,15-110
948,776,,,,IN,,15210,15-210
949,1474,,,,IN,,15590,15-590
950,1725,,,,IN,,15530,15-530
951,11,,,,IN,,15140,15-140
952,1471,,,,IN,,15340,15-340
953,212,,,,IN,,15810,15-810
954,1501,,,,IN,,15560,15-560
955,510,,,,IN,,15440,15-440
956,1506,,,,IN,,15670,15-670
957,2796,,,,IN,,15620,15-620
958,1934,,,,KS,,17150,17-150
959,2366,,,,KS,,17590,17-590
960,2834,,,,KS,,17700,17-700
961,2960,,,,KS,,17190,17-190
962,2460,,,,KS,,17650,17-650
963,2934,,,,KS,,17380,17-380
964,679,,,,KS,,17250,17-250
965,1234,,,,KS,,17490,17-490
966,2307,,,,KS,,17920,17-920
967,3096,,,,KS,,17830,17-830
968,1119,,,,KS,,17690,17-690
969,2434,,,,KS,,17180,17-180
970,2537,,,,KS,,17570,17-570
971,2916,,,,KS,,17030,17-030
972,218,,,,KS,,17450,17-450
973,1187,,,,KS,,17900,17-900
974,1427,,,,KS,,17390,17-390
975,2260,,,,KS,,17170,17-170
976,2727,,,,KS,,17530,17-530
977,1812,,,,KS,,17470,17-470
978,973,,,,KS,,17220,17-220
979,2886,,,,KS,,17760,17-760
980,547,,,,KS,,17020,17-020
981,1550,,,,KS,,17560,17-560
982,1978,,,,KS,,17260,17-260
983,3017,,,,KS,,17841,17-841
984,2039,,,,KS,,17985,17-985
985,2936,,,,KS,,17983,17-983
986,3073,,,,KS,,17890,17-890
987,1573,,,,KS,,17710,17-710
988,2284,,,,KS,,17440,17-440
989,1120,,,,KS,,17391,17-391
990,2263,,,,KS,,17950,17-950
991,2346,,,,KS,,17730,17-730
992,2673,,,,KS,,17330,17-330
993,2852,,,,KS,,17720,17-720
994,3102,,,,KS,,17210,17-210
995,2293,,,,KS,,17510,17-510
996,2095,,,,KS,,17130,17-130
997,2620,,,,KS,,17100,17-100
998,3062,,,,KS,,17960,17-960
999,146,,,,KS,,17860,17-860
1000,1344,,,,KS,,17000,17-000
1001,2551,,,,KS,,17550,17-550
1002,3139,,,,KS,,17480,17-480
1003,1774,,,,KS,,17060,17-060
1004,1959,,,,KS,,17740,17-740
1005,2230,,,,KS,,17300,17-300
1006,3042,,,,KS,,17230,17-230
1007,2308,,,,KS,,17982,17-982
1008,2339,,,,KS,,17280,17-280
1009,958,,,,KS,,17910,17-910
1010,3063,,,,KS,,17090,17-090
1011,1526,,,,KS,,17270,17-270
1012,1735,,,,KS,,17790,17-790
1013,2994,,,,KS,,17340,17-340
1014,3006,,,,KS,,17780,17-780
1015,344,,,,KS,,17620,17-620
1016,2964,,,,KS,,17160,17-160
1017,3106,,,,KS,,17110,17-110
1018,3094,,,,KS,,17240,17-240
1019,1906,,,,KS,,17050,17-050
1020,2710,,,,KS,,17980,17-980
1021,2735,,,,KS,,17970,17-970
1022,2046,,,,KS,,17070,17-070
1023,2310,,,,KS,,17140,17-140
1024,2388,,,,KS,,17600,17-600
1025,2608,,,,KS,,17870,17-870
1026,1489,,,,KS,,17750,17-750
1027,1195,,,,KS,,17290,17-290
1028,1968,,,,KS,,17660,17-660
1029,2402,,,,KS,,17820,17-820
1030,2911,,,,KS,,17451,17-451
1031,3167,,,,KS,,17080,17-080
1032,2894,,,,KS,,17984,17-984
1033,3121,,,,KS,,17520,17-520
1034,3135,,,,KS,,17410,17-410
1035,1776,,,,KS,,17770,17-770
1036,1415,,,,KS,,17630,17-630
1037,2662,,,,KS,,17120,17-120
1038,2864,,,,KS,,17610,17-610
1039,3142,,,,KS,,17940,17-940
1040,2806,,,,KS,,17370,17-370
1041,1490,,,,KS,,17580,17-580
1042,1263,,,,KS,,17800,17-800
1043,2218,,,,KS,,17680,17-680
1044,2380,,,,KS,,17360,17-360
1045,2951,,,,KS,,17350,17-350
1046,1850,,,,KS,,17040,17-040
1047,3038,,,,KS,,17670,17-670
1048,3054,,,,KS,,17981,17-981
1049,812,,,,KS,,17200,17-200
1050,1334,,,,KS,,17420,17-420
1051,2968,,,,KS,,17810,17-810
1052,1266,,,,KS,,17840,17-840
1053,2829,,,,KS,,17540,17-540
1054,2927,,,,KS,,17640,17-640
1055,3085,,,,KS,,17500,17-500
1056,3157,,,,KS,,17310,17-310
1057,2970,,,,KS,,17430,17-430
1058,1738,,,,KS,,17320,17-320
1059,2842,,,,KS,,17010,17-010
1060,1283,,,,KS,,17986,17-986
1061,1446,,,,KS,,17880,17-880
1062,2962,,,,KY,,18971,18-971
1063,32,,,,KY,,18170,18-170
1064,1368,,,,KY,,18100,18-100
1065,1790,,,,KY,,18130,18-130
1066,816,,,,KY,,18984,18-984
1067,1897,,,,KY,,18540,18-540
1068,3009,,,,KY,,18020,18-020
1069,520,,,,KY,,18989,18-989
1070,1979,,,,KY,,18620,18-620
1071,877,,,,KY,,18420,18-420
1072,1510,,,,KY,,18480,18-480
1073,1871,,,,KY,,18390,18-390
1074,2449,,,,KY,,18140,18-140
1075,2487,,,,KY,,18690,18-690
1076,524,,,,KY,,18290,18-290
1077,1607,,,,KY,,18050,18-050
1078,1802,,,,KY,,18350,18-350
1079,2297,,,,KY,,18530,18-530
1080,1237,,,,KY,,18580,18-580
1081,2350,,,,KY,,18978,18-978
1082,2984,,,,KY,,18802,18-802
1083,1733,,,,KY,,18920,18-920
1084,652,,,,KY,,18990,18-990
1085,923,,,,KY,,18983,18-983
1086,545,,,,KY,,18410,18-410
1087,758,,,,KY,,18860,18-860
1088,2009,,,,KY,,18510,18-510
1089,1335,,,,KY,,18560,18-560
1090,1371,,,,KY,,18890,18-890
1091,2788,,,,KY,,18975,18-975
1092,1240,,,,KY,,18861,18-861
1093,1251,,,,KY,,18970,18-970
1094,1611,,,,KY,,18977,18-977
1095,1386,,,,KY,,18880,18-880
1096,1183,,,,KY,,18600,18-600
1097,2018,,,,KY,,18986,18-986
1098,2349,,,,KY,,18150,18-150
1099,720,,,,KY,,18991,18-991
1100,2035,,,,KY,,18960,18-960
1101,2791,,,,KY,,18590,18-590
1102,2799,,,,KY,,18310,18-310
1103,245,,,,KY,,18720,18-720
1104,951,,,,KY,,18250,18-250
1105,1925,,,,KY,,18700,18-700
1106,785,,,,KY,,18790,18-790
1107,985,,,,KY,,18191,18-191
1108,1432,,,,KY,,18982,18-982
1109,638,,,,KY,,18992,18-992
1110,1594,,,,KY,,18270,18-270
1111,1909,,,,KY,,18780,18-780
1112,2156,,,,KY,,18931,18-931
1113,1602,,,,KY,,18490,18-490
1114,2668,,,,KY,,18980,18-980
1115,3050,,,,KY,,18900,18-900
1116,206,,,,KY,,18830,18-830
1117,761,,,,KY,,18070,18-070
1118,1164,,,,KY,,18470,18-470
1119,1444,,,,KY,,18988,18-988
1120,3058,,,,KY,,18973,18-973
1121,479,,,,KY,,18460,18-460
1122,2237,,,,KY,,18362,18-362
1123,2603,,,,KY,,18650,18-650
1124,656,,,,KY,,18040,18-040
1125,1315,,,,KY,,18330,18-330
1126,1771,,,,KY,,18660,18-660
1127,2436,,,,KY,,18987,18-987
1128,723,,,,KY,,18440,18-440
1129,1465,,,,KY,,18320,18-320
1130,2280,,,,KY,,18640,18-640
1131,2823,,,,KY,,18421,18-421
1132,3081,,,,KY,,18361,18-361
1133,1666,,,,KY,,18760,18-760
1134,1724,,,,KY,,18932,18-932
1135,1806,,,,KY,,18010,18-010
1136,2830,,,,KY,,18511,18-511
1137,929,,,,KY,,18972,18-972
1138,1975,,,,KY,,18850,18-850
1139,2381,,,,KY,,18979,18-979
1140,946,,,,KY,,18500,18-500
1141,3007,,,,KY,,18271,18-271
1142,1297,,,,KY,,18570,18-570
1143,1457,,,,KY,,18230,18-230
1144,1562,,,,KY,,18360,18-360
1145,2602,,,,KY,,18831,18-831
1146,2687,,,,KY,,18670,18-670
1147,694,,,,KY,,18750,18-750
1148,797,,,,KY,,18000,18-000
1149,1911,,,,KY,,18730,18-730
1150,494,,,,KY,,18981,18-981
1151,527,,,,KY,,18680,18-680
1152,2763,,,,KY,,18974,18-974
1153,2897,,,,KY,,18400,18-400
1154,1728,,,,KY,,18976,18-976
1155,2072,,,,KY,,18340,18-340
1156,296,,,,KY,,18180,18-180
1157,1086,,,,KY,,18910,18-910
1158,2765,,,,KY,,18220,18-220
1159,1395,,,,KY,,18060,18-060
1160,1826,,,,KY,,18710,18-710
1161,2231,,,,KY,,18240,18-240
1162,762,,,,KY,,18801,18-801
1163,2561,,,,KY,,18770,18-770
1164,2658,,,,KY,,18190,18-190
1165,2567,,,,KY,,18120,18-120
1166,727,,,,KY,,18610,18-610
1167,2255,,,,KY,,18450,18-450
1168,392,,,,KY,,18550,18-550
1169,2891,,,,KY,,18985,18-985
1170,1636,,,,KY,,18291,18-291
1171,2491,,,,KY,,18260,18-260
1172,2930,,,,KY,,18800,18-800
1173,3012,,,,KY,,18110,18-110
1174,1893,,,,KY,,18210,18-210
1175,2580,,,,KY,,18630,18-630
1176,1099,,,,KY,,18160,18-160
1177,3083,,,,KY,,18740,18-740
1178,1249,,,,KY,,18090,18-090
1179,1768,,,,KY,,18080,18-080
1180,2612,,,,KY,,18030,18-030
1181,2997,,,,KY,,18930,18-930
1182,903,,,,LA,,19440,19-440
1183,3086,,,,LA,,19110,19-110
1184,2681,,,,LA,,19420,19-420
1185,1930,,,,LA,,19040,19-040
1186,2750,,,,LA,,19030,19-030
1187,2756,,,,LA,,19210,19-210
1188,1243,,,,LA,,19480,19-480
1189,2594,,,,LA,,19450,19-450
1190,905,,,,LA,,19280,19-280
1191,2768,,,,LA,,19260,19-260
1192,517,,,,LA,,19130,19-130
1193,925,,,,LA,,19180,19-180
1194,1810,,,,LA,,19610,19-610
1195,2134,,,,LA,,19060,19-060
1196,3076,,,,LA,,19530,19-530
1197,1799,,,,LA,,19000,19-000
1198,472,,,,LA,,19150,19-150
1199,2670,,,,LA,,19330,19-330
1200,409,,,,LA,,19570,19-570
1201,2178,,,,LA,,19190,19-190
1202,2498,,,,LA,,19240,19-240
1203,258,,,,LA,,19020,19-020
1204,1864,,,,LA,,19380,19-380
1205,2393,,,,LA,,19320,19-320
1206,438,,,,LA,,19300,19-300
1207,1537,,,,LA,,19430,19-430
1208,1202,,,,LA,,19250,19-250
1209,3040,,,,LA,,19170,19-170
1210,408,,,,LA,,19080,19-080
1211,1063,,,,LA,,19470,19-470
1212,1285,,,,LA,,19490,19-490
1213,2623,,,,LA,,19290,19-290
1214,2265,,,,LA,,19410,19-410
1215,95,,,,LA,,19220,19-220
1216,254,,,,LA,,19160,19-160
1217,733,,,,LA,,19390,19-390
1218,1512,,,,LA,,19620,19-620
1219,2607,,,,LA,,19370,19-370
1220,2614,,,,LA,,19630,19-630
1221,2422,,,,LA,,19010,19-010
1222,1177,,,,LA,,19310,19-310
1223,522,,,,LA,,19070,19-070
1224,1143,,,,LA,,19090,19-090
1225,1591,,,,LA,,19120,19-120
1226,2447,,,,LA,,19050,19-050
1227,2755,,,,LA,,19140,19-140
1228,1186,,,,LA,,19500,19-500
1229,2540,,,,LA,,19400,19-400
1230,2809,,,,LA,,19100,19-100
1231,339,,,,LA,,19510,19-510
1232,419,,,,LA,,19340,19-340
1233,1765,,,,LA,,19550,19-550
1234,2128,,,,LA,,19560,19-560
1235,871,,,,LA,,19230,19-230
1236,1448,,,,LA,,19580,19-580
1237,2611,,,,LA,,19460,19-460
1238,1258,,,,LA,,19520,19-520
1239,1856,,,,LA,,19590,19-590
1240,1985,,,,LA,,19200,19-200
1241,659,,,,LA,,19540,19-540
1242,1122,,,,LA,,19600,19-600
1243,555,,,,LA,,19350,19-350
1244,482,,,,LA,,19360,19-360
1245,119,,,,LA,,19270,19-270
1246,126,,,,MA,,22060,22-060
1247,584,,,,MA,,22000,22-000
1248,208,,,,MA,,22130,22-130
1249,500,,,,MA,,22010,22-010
1250,180,,,,MA,,22150,22-150
1251,2526,,,,MA,,22120,22-120
1252,159,,,,MA,,22090,22-090
1253,2135,,,,MA,,22030,22-030
1254,118,,,,MA,,22160,22-160
1255,956,,,,MA,,22080,22-080
1256,145,,,,MA,,22070,22-070
1257,20,,,,MA,,22020,22-020
1258,168,,,,MA,,22170,22-170
1259,307,,,,MA,,22040,22-040
1260,2166,,,,MD,,21170,21-170
1261,572,,,,MD,,21150,21-150
1262,702,,,,MD,,21010,21-010
1263,599,,,,MD,,21030,21-030
1264,1005,,,,MD,,21090,21-090
1265,50,,,,MD,,21120,21-120
1266,1430,,,,MD,,21220,21-220
1267,1792,,,,MD,,21140,21-140
1268,865,,,,MD,,21130,21-130
1269,938,,,,MD,,21000,21-000
1270,1709,,,,MD,,21180,21-180
1271,1995,,,,MD,,21200,21-200
1272,1622,,,,MD,,21110,21-110
1273,595,,,,MD,,21040,21-040
1274,391,,,,MD,,21060,21-060
1275,1374,,,,MD,,21080,21-080
1276,783,,,,MD,,21160,21-160
1277,1031,,,,MD,,21070,21-070
1278,1741,,,,MD,,21210,21-210
1279,2749,,,,MD,,21050,21-050
1280,1592,,,,MD,,21230,21-230
1281,155,,,,MD,,21100,21-100
1282,276,,,,MD,,21020,21-020
1283,1760,,,,MD,,21190,21-190
1284,842,,,,ME,,20090,20-090
1285,1038,,,,ME,,20150,20-150
1286,28,,,,ME,,20130,20-130
1287,2730,,,,ME,,20100,20-100
1288,380,,,,ME,,20110,20-110
1289,840,,,,ME,,20080,20-080
1290,1859,,,,ME,,20070,20-070
1291,512,,,,ME,,20140,20-140
1292,308,,,,ME,,20040,20-040
1293,837,,,,ME,,20060,20-060
1294,1189,,,,ME,,20000,20-000
1295,359,,,,ME,,20050,20-050
1296,264,,,,ME,,20020,20-020
1297,1273,,,,ME,,20010,20-010
1298,2448,,,,ME,,20030,20-030
1299,1136,,,,ME,,20120,20-120
1300,1650,,,,MI,,23330,23-330
1301,715,,,,MI,,23660,23-660
1302,1945,,,,MI,,23070,23-070
1303,2117,,,,MI,,23520,23-520
1304,1163,,,,MI,,23310,23-310
1305,1528,,,,MI,,23080,23-080
1306,549,,,,MI,,23690,23-690
1307,2728,,,,MI,,23760,23-760
1308,231,,,,MI,,23240,23-240
1309,725,,,,MI,,23170,23-170
1310,370,,,,MI,,23780,23-780
1311,586,,,,MI,,23250,23-250
1312,673,,,,MI,,23680,23-680
1313,1098,,,,MI,,23550,23-550
1314,2533,,,,MI,,23260,23-260
1315,1743,,,,MI,,23510,23-510
1316,9,,,,MI,,23810,23-810
1317,1004,,,,MI,,23380,23-380
1318,1888,,,,MI,,23110,23-110
1319,1360,,,,MI,,23630,23-630
1320,2576,,,,MI,,23590,23-590
1321,2249,,,,MI,,23740,23-740
1322,1224,,,,MI,,23220,23-220
1323,949,,,,MI,,23430,23-430
1324,2205,,,,MI,,23060,23-060
1325,2216,,,,MI,,23670,23-670
1326,2331,,,,MI,,23560,23-560
1327,594,,,,MI,,23000,23-000
1328,854,,,,MI,,23020,23-020
1329,1973,,,,MI,,23530,23-530
1330,2211,,,,MI,,23130,23-130
1331,129,,,,MI,,23450,23-450
1332,1730,,,,MI,,23270,23-270
1333,2610,,,,MI,,23050,23-050
1334,2416,,,,MI,,23480,23-480
1335,728,,,,MI,,23730,23-730
1336,349,,,,MI,,23320,23-320
1337,962,,,,MI,,23200,23-200
1338,1090,,,,MI,,23370,23-370
1339,96,,,,MI,,23790,23-790
1340,320,,,,MI,,23750,23-750
1341,670,,,,MI,,23340,23-340
1342,1008,,,,MI,,23150,23-150
1343,1192,,,,MI,,23030,23-030
1344,894,,,,MI,,23570,23-570
1345,1134,,,,MI,,23770,23-770
1346,91,,,,MI,,23600,23-600
1347,354,,,,MI,,23710,23-710
1348,799,,,,MI,,23160,23-160
1349,1067,,,,MI,,23140,23-140
1350,1428,,,,MI,,23090,23-090
1351,2285,,,,MI,,23290,23-290
1352,58,,,,MI,,23620,23-620
1353,252,,,,MI,,23230,23-230
1354,1445,,,,MI,,23210,23-210
1355,2076,,,,MI,,23300,23-300
1356,2631,,,,MI,,23010,23-010
1357,603,,,,MI,,23400,23-400
1358,1879,,,,MI,,23830,23-830
1359,867,,,,MI,,23540,23-540
1360,1137,,,,MI,,23190,23-190
1361,2220,,,,MI,,23280,23-280
1362,1873,,,,MI,,23500,23-500
1363,2241,,,,MI,,23650,23-650
1364,2471,,,,MI,,23470,23-470
1365,902,,,,MI,,23720,23-720
1366,1157,,,,MI,,23040,23-040
1367,505,,,,MI,,23610,23-610
1368,163,,,,MI,,23800,23-800
1369,1075,,,,MI,,23120,23-120
1370,2131,,,,MI,,23360,23-360
1371,1880,,,,MI,,23640,23-640
1372,2889,,,,MI,,23700,23-700
1373,1194,,,,MI,,23580,23-580
1374,513,,,,MI,,23440,23-440
1375,834,,,,MI,,23100,23-100
1376,249,,,,MI,,23490,23-490
1377,2701,,,,MI,,23350,23-350
1378,989,,,,MI,,23460,23-460
1379,1421,,,,MI,,23390,23-390
1380,1456,,,,MI,,23180,23-180
1381,1747,,,,MI,,23410,23-410
1382,1793,,,,MI,,23420,23-420
1383,1205,,,,MN,,24390,24-390
1384,873,,,,MN,,24760,24-760
1385,2042,,,,MN,,24420,24-420
1386,875,,,,MN,,24610,24-610
1387,2306,,,,MN,,24280,24-280
1388,2327,,,,MN,,24250,24-250
1389,2991,,,,MN,,24430,24-430
1390,1899,,,,MN,,24840,24-840
1391,2323,,,,MN,,24210,24-210
1392,2798,,,,MN,,24050,24-050
1393,412,,,,MN,,24720,24-720
1394,2073,,,,MN,,24310,24-310
1395,2109,,,,MN,,24600,24-600
1396,1239,,,,MN,,24820,24-820
1397,2099,,,,MN,,24510,24-510
1398,2892,,,,MN,,24580,24-580
1399,2084,,,,MN,,24220,24-220
1400,2122,,,,MN,,24230,24-230
1401,2467,,,,MN,,24660,24-660
1402,2286,,,,MN,,24590,24-590
1403,2818,,,,MN,,24140,24-140
1404,1641,,,,MN,,24550,24-550
1405,2127,,,,MN,,24770,24-770
1406,2179,,,,MN,,24730,24-730
1407,86,,,,MN,,24260,24-260
1408,1215,,,,MN,,24690,24-690
1409,2703,,,,MN,,24640,24-640
1410,265,,,,MN,,24650,24-650
1411,1039,,,,MN,,24540,24-540
1412,794,,,,MN,,24330,24-330
1413,1459,,,,MN,,24460,24-460
1414,3005,,,,MN,,24340,24-340
1415,669,,,,MN,,24350,24-350
1416,1261,,,,MN,,24170,24-170
1417,3069,,,,MN,,24620,24-620
1418,1152,,,,MN,,24080,24-080
1419,2624,,,,MN,,24520,24-520
1420,835,,,,MN,,24700,24-700
1421,1649,,,,MN,,24190,24-190
1422,3035,,,,MN,,24500,24-500
1423,1059,,,,MN,,24490,24-490
1424,1275,,,,MN,,24090,24-090
1425,3143,,,,MN,,24400,24-400
1426,1412,,,,MN,,24120,24-120
1427,1822,,,,MN,,24200,24-200
1428,299,,,,MN,,24750,24-750
1429,1517,,,,MN,,24160,24-160
1430,371,,,,MN,,24130,24-130
1431,1479,,,,MN,,24100,24-100
1432,1721,,,,MN,,24290,24-290
1433,1209,,,,MN,,24480,24-480
1434,2119,,,,MN,,24740,24-740
1435,1759,,,,MN,,24270,24-270
1436,2333,,,,MN,,24110,24-110
1437,2888,,,,MN,,24530,24-530
1438,3065,,,,MN,,24380,24-380
1439,8,,,,MN,,24680,24-680
1440,869,,,,MN,,24810,24-810
1441,874,,,,MN,,24020,24-020
1442,376,,,,MN,,24570,24-570
1443,1402,,,,MN,,24800,24-800
1444,1535,,,,MN,,24710,24-710
1445,565,,,,MN,,24010,24-010
1446,1784,,,,MN,,24450,24-450
1447,2802,,,,MN,,24830,24-830
1448,2324,,,,MN,,24470,24-470
1449,2821,,,,MN,,24040,24-040
1450,1449,,,,MN,,24240,24-240
1451,447,,,,MN,,24000,24-000
1452,1218,,,,MN,,24180,24-180
1453,1842,,,,MN,,24410,24-410
1454,2305,,,,MN,,24030,24-030
1455,1696,,,,MN,,24440,24-440
1456,2168,,,,MN,,24070,24-070
1457,1373,,,,MN,,24060,24-060
1458,1872,,,,MN,,24560,24-560
1459,2592,,,,MN,,24860,24-860
1460,2827,,,,MN,,24320,24-320
1461,1332,,,,MN,,24850,24-850
1462,1885,,,,MN,,24630,24-630
1463,2866,,,,MN,,24670,24-670
1464,501,,,,MN,,24300,24-300
1465,2671,,,,MN,,24370,24-370
1466,3059,,,,MN,,24150,24-150
1467,2945,,,,MN,,24360,24-360
1468,156,,,,MN,,24790,24-790
1469,838,,,,MO,,26350,26-350
1470,2854,,,,MO,,26360,26-360
1471,455,,,,MO,,26380,26-380
1472,3147,,,,MO,,26310,26-310
1473,930,,,,MO,,26050,26-050
1474,1016,,,,MO,,26989,26-989
1475,2097,,,,MO,,26984,26-984
1476,2797,,,,MO,,26690,26-690
1477,879,,,,MO,,26480,26-480
1478,1417,,,,MO,,26240,26-240
1479,1651,,,,MO,,26100,26-100
1480,2652,,,,MO,,26780,26-780
1481,1682,,,,MO,,26460,26-460
1482,1917,,,,MO,,26541,26-541
1483,1937,,,,MO,,26130,26-130
1484,1678,,,,MO,,26840,26-840
1485,2575,,,,MO,,26630,26-630
1486,2779,,,,MO,,26410,26-410
1487,1900,,,,MO,,26030,26-030
1488,2011,,,,MO,,26990,26-990
1489,3166,,,,MO,,26995,26-995
1490,1363,,,,MO,,26911,26-911
1491,2023,,,,MO,,26750,26-750
1492,2378,,,,MO,,26960,26-960
1493,577,,,,MO,,26140,26-140
1494,509,,,,MO,,26230,26-230
1495,1817,,,,MO,,26631,26-631
1496,1557,,,,MO,,26060,26-060
1497,2362,,,,MO,,26600,26-600
1498,1375,,,,MO,,26260,26-260
1499,2647,,,,MO,,26400,26-400
1500,2657,,,,MO,,26010,26-010
1501,3105,,,,MO,,26280,26-280
1502,184,,,,MO,,26680,26-680
1503,1029,,,,MO,,26450,26-450
1504,1287,,,,MO,,26986,26-986
1505,1468,,,,MO,,26320,26-320
1506,2019,,,,MO,,26770,26-770
1507,2288,,,,MO,,26730,26-730
1508,936,,,,MO,,26670,26-670
1509,1091,,,,MO,,26710,26-710
1510,1196,,,,MO,,26900,26-900
1511,1989,,,,MO,,26993,26-993
1512,2665,,,,MO,,26000,26-000
1513,2869,,,,MO,,26700,26-700
1514,2300,,,,MO,,26996,26-996
1515,2641,,,,MO,,26290,26-290
1516,1,,,,MO,,26950,26-950
1517,1944,,,,MO,,26270,26-270
1518,2706,,,,MO,,26200,26-200
1519,3132,,,,MO,,26850,26-850
1520,663,,,,MO,,26520,26-520
1521,2235,,,,MO,,26590,26-590
1522,2772,,,,MO,,26120,26-120
1523,1082,,,,MO,,26821,26-821
1524,2210,,,,MO,,26370,26-370
1525,398,,,,MO,,26982,26-982
1526,470,,,,MO,,26650,26-650
1527,1919,,,,MO,,26110,26-110
1528,2643,,,,MO,,26190,26-190
1529,2810,,,,MO,,26220,26-220
1530,568,,,,MO,,26090,26-090
1531,904,,,,MO,,26988,26-988
1532,2213,,,,MO,,26620,26-620
1533,1213,,,,MO,,26500,26-500
1534,1780,,,,MO,,26540,26-540
1535,1976,,,,MO,,26740,26-740
1536,2590,,,,MO,,26440,26-440
1537,280,,,,MO,,26820,26-820
1538,2484,,,,MO,,26660,26-660
1539,2767,,,,MO,,26987,26-987
1540,427,,,,MO,,26570,26-570
1541,640,,,,MO,,26980,26-980
1542,3159,,,,MO,,26510,26-510
1543,2056,,,,MO,,26985,26-985
1544,2225,,,,MO,,26870,26-870
1545,2613,,,,MO,,26330,26-330
1546,1693,,,,MO,,26790,26-790
1547,175,,,,MO,,26991,26-991
1548,360,,,,MO,,26150,26-150
1549,365,,,,MO,,26411,26-411
1550,2921,,,,MO,,26881,26-881
1551,2296,,,,MO,,26250,26-250
1552,2515,,,,MO,,26860,26-860
1553,2685,,,,MO,,26160,26-160
1554,2090,,,,MO,,26800,26-800
1555,2373,,,,MO,,26601,26-601
1556,2495,,,,MO,,26751,26-751
1557,813,,,,MO,,26180,26-180
1558,1011,,,,MO,,26720,26-720
1559,1581,,,,MO,,26970,26-970
1560,1870,,,,MO,,26412,26-412
1561,1931,,,,MO,,26930,26-930
1562,2087,,,,MO,,26992,26-992
1563,2204,,,,MO,,26994,26-994
1564,1408,,,,MO,,26340,26-340
1565,2538,,,,MO,,26170,26-170
1566,2781,,,,MO,,26981,26-981
1567,1984,,,,MO,,26560,26-560
1568,2164,,,,MO,,26080,26-080
1569,2404,,,,MO,,26300,26-300
1570,2552,,,,MO,,26390,26-390
1571,416,,,,MO,,26940,26-940
1572,1271,,,,MO,,26070,26-070
1573,1606,,,,MO,,26880,26-880
1574,858,,,,MO,,26040,26-040
1575,1017,,,,MO,,26490,26-490
1576,1663,,,,MO,,26530,26-530
1577,181,,,,MO,,26580,26-580
1578,425,,,,MO,,26210,26-210
1579,977,,,,MO,,26910,26-910
1580,1172,,,,MO,,26020,26-020
1581,63,,,,MO,,26470,26-470
1582,2429,,,,MO,,26983,26-983
1583,2563,,,,MO,,26810,26-810
1584,1387,,,,MS,,25430,25-430
1585,1475,,,,MS,,25320,25-320
1586,1796,,,,MS,,25110,25-110
1587,1359,,,,MS,,25290,25-290
1588,1065,,,,MS,,25120,25-120
1589,1836,,,,MS,,25740,25-740
1590,2597,,,,MS,,25420,25-420
1591,1084,,,,MS,,25380,25-380
1592,2058,,,,MS,,25480,25-480
1593,2340,,,,MS,,25680,25-680
1594,757,,,,MS,,25240,25-240
1595,3020,,,,MS,,25310,25-310
1596,1284,,,,MS,,25450,25-450
1597,2317,,,,MS,,25500,25-500
1598,2519,,,,MS,,25260,25-260
1599,1106,,,,MS,,25470,25-470
1600,93,,,,MS,,25170,25-170
1601,1022,,,,MS,,25540,25-540
1602,2145,,,,MS,,25670,25-670
1603,2731,,,,MS,,25780,25-780
1604,514,,,,MS,,25400,25-400
1605,721,,,,MS,,25220,25-220
1606,1327,,,,MS,,25520,25-520
1607,588,,,,MS,,25330,25-330
1608,987,,,,MS,,25160,25-160
1609,246,,,,MS,,25710,25-710
1610,373,,,,MS,,25370,25-370
1611,1413,,,,MS,,25560,25-560
1612,433,,,,MS,,25590,25-590
1613,1849,,,,MS,,25030,25-030
1614,3004,,,,MS,,25550,25-550
1615,2407,,,,MS,,25010,25-010
1616,2513,,,,MS,,25360,25-360
1617,21,,,,MS,,25350,25-350
1618,1516,,,,MS,,25060,25-060
1619,1828,,,,MS,,25150,25-150
1620,1923,,,,MS,,25570,25-570
1621,2559,,,,MS,,25250,25-250
1622,285,,,,MS,,25440,25-440
1623,2392,,,,MS,,25580,25-580
1624,1698,,,,MS,,25620,25-620
1625,1884,,,,MS,,25300,25-300
1626,2679,,,,MS,,25510,25-510
1627,1462,,,,MS,,25700,25-700
1628,1689,,,,MS,,25280,25-280
1629,2050,,,,MS,,25800,25-800
1630,2463,,,,MS,,25490,25-490
1631,1301,,,,MS,,25140,25-140
1632,1394,,,,MS,,25530,25-530
1633,261,,,,MS,,25600,25-600
1634,1328,,,,MS,,25460,25-460
1635,2646,,,,MS,,25200,25-200
1636,2079,,,,MS,,25410,25-410
1637,1994,,,,MS,,25190,25-190
1638,2258,,,,MS,,25080,25-080
1639,3029,,,,MS,,25020,25-020
1640,1881,,,,MS,,25100,25-100
1641,1422,,,,MS,,25660,25-660
1642,1847,,,,MS,,25770,25-770
1643,1912,,,,MS,,25040,25-040
1644,1121,,,,MS,,25230,25-230
1645,2758,,,,MS,,25090,25-090
1646,1632,,,,MS,,25130,25-130
1647,219,,,,MS,,25050,25-050
1648,2243,,,,MS,,25210,25-210
1649,2466,,,,MS,,25790,25-790
1650,3001,,,,MS,,25180,25-180
1651,1981,,,,MS,,25690,25-690
1652,2014,,,,MS,,25750,25-750
1653,1805,,,,MS,,25610,25-610
1654,1642,,,,MS,,25340,25-340
1655,2291,,,,MS,,25810,25-810
1656,407,,,,MS,,25760,25-760
1657,503,,,,MS,,25000,25-000
1658,1070,,,,MS,,25630,25-630
1659,1494,,,,MS,,25070,25-070
1660,2290,,,,MS,,25720,25-720
1661,2881,,,,MS,,25650,25-650
1662,2053,,,,MS,,25640,25-640
1663,1304,,,,MS,,25730,25-730
1664,2522,,,,MS,,25390,25-390
1665,1869,,,,MT,,27400,27-400
1666,1496,,,,MT,,27240,27-240
1667,2345,,,,MT,,27460,27-460
1668,3122,,,,MT,,27370,27-370
1669,1777,,,,MT,,27350,27-350
1670,2181,,,,MT,,27520,27-520
1671,626,,,,MT,,27130,27-130
1672,2903,,,,MT,,27210,27-210
1673,2988,,,,MT,,27480,27-480
1674,3087,,,,MT,,27430,27-430
1675,793,,,,MT,,27270,27-270
1676,862,,,,MT,,27100,27-100
1677,1503,,,,MT,,27010,27-010
1678,2413,,,,MT,,27440,27-440
1679,81,,,,MT,,27310,27-310
1680,2474,,,,MT,,27490,27-490
1681,1329,,,,MT,,27000,27-000
1682,38,,,,MT,,27260,27-260
1683,2775,,,,MT,,27450,27-450
1684,1938,,,,MT,,27320,27-320
1685,2680,,,,MT,,27250,27-250
1686,1675,,,,MT,,27420,27-420
1687,2328,,,,MT,,27380,27-380
1688,2457,,,,MT,,27330,27-330
1689,1312,,,,MT,,27360,27-360
1690,2391,,,,MT,,27470,27-470
1691,3031,,,,MT,,27070,27-070
1692,3022,,,,MT,,27390,27-390
1693,3098,,,,MT,,27020,27-020
1694,2831,,,,MT,,27040,27-040
1695,2935,,,,MT,,27300,27-300
1696,3170,,,,MT,,27180,27-180
1697,2301,,,,MT,,27090,27-090
1698,1320,,,,MT,,27140,27-140
1699,2481,,,,MT,,27080,27-080
1700,3116,,,,MT,,27530,27-530
1701,2212,,,,MT,,27200,27-200
1702,2893,,,,MT,,27170,27-170
1703,3109,,,,MT,,27540,27-540
1704,502,,,,MT,,27410,27-410
1705,539,,,,MT,,27550,27-550
1706,2722,,,,MT,,27280,27-280
1707,2944,,,,MT,,27030,27-030
1708,3049,,,,MT,,27160,27-160
1709,1969,,,,MT,,27110,27-110
1710,2396,,,,MT,,27230,27-230
1711,2329,,,,MT,,27050,27-050
1712,2786,,,,MT,,27220,27-220
1713,826,,,,MT,,27150,27-150
1714,3090,,,,MT,,27120,27-120
1715,1737,,,,MT,,27190,27-190
1716,2980,,,,MT,,27500,27-500
1717,99,,,,MT,,27060,27-060
1718,3160,,,,MT,,27290,27-290
1719,1230,,,,NC,,34600,34-600
1720,185,,,,NC,,34630,34-630
1721,484,,,,NC,,34450,34-450
1722,792,,,,NC,,34490,34-490
1723,935,,,,NC,,34770,34-770
1724,953,,,,NC,,34930,34-930
1725,348,,,,NC,,34730,34-730
1726,1862,,,,NC,,34020,34-020
1727,462,,,,NC,,34270,34-270
1728,2684,,,,NC,,34210,34-210
1729,2690,,,,NC,,34920,34-920
1730,1425,,,,NC,,34130,34-130
1731,1324,,,,NC,,34610,34-610
1732,1677,,,,NC,,34940,34-940
1733,2226,,,,NC,,34580,34-580
1734,1882,,,,NC,,34150,34-150
1735,1964,,,,NC,,34980,34-980
1736,1524,,,,NC,,34960,34-960
1737,291,,,,NC,,34040,34-040
1738,553,,,,NC,,34620,34-620
1739,1280,,,,NC,,34690,34-690
1740,2541,,,,NC,,34070,34-070
1741,535,,,,NC,,34460,34-460
1742,563,,,,NC,,34320,34-320
1743,1147,,,,NC,,34670,34-670
1744,1546,,,,NC,,34720,34-720
1745,1889,,,,NC,,34810,34-810
1746,778,,,,NC,,34330,34-330
1747,1388,,,,NC,,34700,34-700
1748,1727,,,,NC,,34820,34-820
1749,2666,,,,NC,,34380,34-380
1750,133,,,,NC,,34660,34-660
1751,319,,,,NC,,34280,34-280
1752,870,,,,NC,,34430,34-430
1753,1166,,,,NC,,34310,34-310
1754,2080,,,,NC,,34900,34-900
1755,17,,,,NC,,34400,34-400
1756,741,,,,NC,,34570,34-570
1757,2027,,,,NC,,34870,34-870
1758,1574,,,,NC,,34530,34-530
1759,2112,,,,NC,,34970,34-970
1760,3120,,,,NC,,34880,34-880
1761,1216,,,,NC,,34240,34-240
1762,1619,,,,NC,,34470,34-470
1763,2160,,,,NC,,34360,34-360
1764,2619,,,,NC,,34860,34-860
1765,187,,,,NC,,34250,34-250
1766,377,,,,NC,,34120,34-120
1767,653,,,,NC,,34510,34-510
1768,2227,,,,NC,,34010,34-010
1769,227,,,,NC,,34590,34-590
1770,387,,,,NC,,34220,34-220
1771,1726,,,,NC,,34251,34-251
1772,681,,,,NC,,34170,34-170
1773,1015,,,,NC,,34200,34-200
1774,131,,,,NC,,34950,34-950
1775,383,,,,NC,,34090,34-090
1776,1378,,,,NC,,34500,34-500
1777,33,,,,NC,,34640,34-640
1778,1331,,,,NC,,34890,34-890
1779,495,,,,NC,,34000,34-000
1780,810,,,,NC,,34180,34-180
1781,439,,,,NC,,34780,34-780
1782,2274,,,,NC,,34160,34-160
1783,1855,,,,NC,,34520,34-520
1784,1910,,,,NC,,34800,34-800
1785,1913,,,,NC,,34560,34-560
1786,1409,,,,NC,,34140,34-140
1787,2343,,,,NC,,34370,34-370
1788,340,,,,NC,,34440,34-440
1789,2111,,,,NC,,34390,34-390
1790,410,,,,NC,,34410,34-410
1791,1801,,,,NC,,34230,34-230
1792,742,,,,NC,,34110,34-110
1793,2312,,,,NC,,34680,34-680
1794,1080,,,,NC,,34480,34-480
1795,1299,,,,NC,,34340,34-340
1796,1482,,,,NC,,34760,34-760
1797,2636,,,,NC,,34710,34-710
1798,169,,,,NC,,34910,34-910
1799,98,,,,NC,,34750,34-750
1800,791,,,,NC,,34050,34-050
1801,1824,,,,NC,,34840,34-840
1802,1965,,,,NC,,34190,34-190
1803,2143,,,,NC,,34540,34-540
1804,717,,,,NC,,34550,34-550
1805,2175,,,,NC,,34030,34-030
1806,382,,,,NC,,34650,34-650
1807,1076,,,,NC,,34060,34-060
1808,1423,,,,NC,,34420,34-420
1809,1755,,,,NC,,34080,34-080
1810,1767,,,,NC,,34300,34-300
1811,2415,,,,NC,,34981,34-981
1812,140,,,,NC,,34740,34-740
1813,24,,,,NC,,34350,34-350
1814,765,,,,NC,,34100,34-100
1815,829,,,,NC,,34790,34-790
1816,913,,,,NC,,34290,34-290
1817,1723,,,,NC,,34850,34-850
1818,303,,,,NC,,34830,34-830
1819,3145,,,,ND,,35160,35-160
1820,1623,,,,ND,,35250,35-250
1821,2458,,,,ND,,35310,35-310
1822,726,,,,ND,,35080,35-080
1823,3011,,,,ND,,35140,35-140
1824,3099,,,,ND,,35450,35-450
1825,2627,,,,ND,,35130,35-130
1826,242,,,,ND,,35240,35-240
1827,2940,,,,ND,,35060,35-060
1828,2609,,,,ND,,35010,35-010
1829,2113,,,,ND,,35290,35-290
1830,2461,,,,ND,,35390,35-390
1831,3048,,,,ND,,35420,35-420
1832,1439,,,,ND,,35020,35-020
1833,2654,,,,ND,,35230,35-230
1834,658,,,,ND,,35190,35-190
1835,641,,,,ND,,35170,35-170
1836,2906,,,,ND,,35120,35-120
1837,2446,,,,ND,,35280,35-280
1838,3068,,,,ND,,35100,35-100
1839,3171,,,,ND,,35110,35-110
1840,2656,,,,ND,,35480,35-480
1841,2385,,,,ND,,35040,35-040
1842,2659,,,,ND,,35270,35-270
1843,2108,,,,ND,,35200,35-200
1844,2699,,,,ND,,35090,35-090
1845,2214,,,,ND,,35440,35-440
1846,2922,,,,ND,,35300,35-300
1847,671,,,,ND,,35070,35-070
1848,1102,,,,ND,,35490,35-490
1849,1523,,,,ND,,35520,35-520
1850,2696,,,,ND,,35510,35-510
1851,585,,,,ND,,35370,35-370
1852,1853,,,,ND,,35500,35-500
1853,2920,,,,ND,,35260,35-260
1854,2292,,,,ND,,35050,35-050
1855,2859,,,,ND,,35340,35-340
1856,2365,,,,ND,,35400,35-400
1857,2130,,,,ND,,35330,35-330
1858,2688,,,,ND,,35360,35-360
1859,1883,,,,ND,,35470,35-470
1860,3141,,,,ND,,35320,35-320
1861,2137,,,,ND,,35220,35-220
1862,2314,,,,ND,,35150,35-150
1863,2438,,,,ND,,35000,35-000
1864,477,,,,ND,,35460,35-460
1865,934,,,,ND,,35380,35-380
1866,2832,,,,ND,,35210,35-210
1867,1775,,,,ND,,35350,35-350
1868,2989,,,,ND,,35180,35-180
1869,3162,,,,ND,,35410,35-410
1870,2382,,,,NE,,28160,28-160
1871,2386,,,,NE,,28060,28-060
1872,3100,,,,NE,,28280,28-280
1873,2820,,,,NE,,28220,28-220
1874,2878,,,,NE,,28830,28-830
1875,822,,,,NE,,28680,28-680
1876,2976,,,,NE,,28080,28-080
1877,2511,,,,NE,,28250,28-250
1878,1831,,,,NE,,28650,28-650
1879,2147,,,,NE,,28450,28-450
1880,3075,,,,NE,,28070,28-070
1881,2450,,,,NE,,28630,28-630
1882,2862,,,,NE,,28790,28-790
1883,2967,,,,NE,,28050,28-050
1884,3037,,,,NE,,28340,28-340
1885,3151,,,,NE,,28350,28-350
1886,3179,,,,NE,,28570,28-570
1887,1816,,,,NE,,28440,28-440
1888,2793,,,,NE,,28880,28-880
1889,3117,,,,NE,,28240,28-240
1890,3150,,,,NE,,28560,28-560
1891,1208,,,,NE,,28260,28-260
1892,2702,,,,NE,,28730,28-730
1893,1085,,,,NE,,28540,28-540
1894,1694,,,,NE,,28470,28-470
1895,1954,,,,NE,,28150,28-150
1896,3172,,,,NE,,28040,28-040
1897,749,,,,NE,,28770,28-770
1898,2918,,,,NE,,28530,28-530
1899,2374,,,,NE,,28890,28-890
1900,1600,,,,NE,,28330,28-330
1901,1706,,,,NE,,28130,28-130
1902,1664,,,,NE,,28550,28-550
1903,2421,,,,NE,,28900,28-900
1904,2021,,,,NE,,28720,28-720
1905,1420,,,,NE,,28700,28-700
1906,2795,,,,NE,,28410,28-410
1907,993,,,,NE,,28740,28-740
1908,1634,,,,NE,,28590,28-590
1909,1742,,,,NE,,28010,28-010
1910,2616,,,,NE,,28170,28-170
1911,3124,,,,NE,,28510,28-510
1912,2836,,,,NE,,28110,28-110
1913,3043,,,,NE,,28100,28-100
1914,1460,,,,NE,,28780,28-780
1915,2876,,,,NE,,28520,28-520
1916,3134,,,,NE,,28430,28-430
1917,968,,,,NE,,28710,28-710
1918,3041,,,,NE,,28620,28-620
1919,2778,,,,NE,,28480,28-480
1920,2849,,,,NE,,28500,28-500
1921,2853,,,,NE,,28380,28-380
1922,2919,,,,NE,,28920,28-920
1923,2986,,,,NE,,28600,28-600
1924,1672,,,,NE,,28320,28-320
1925,2454,,,,NE,,28090,28-090
1926,2787,,,,NE,,28200,28-200
1927,2947,,,,NE,,28860,28-860
1928,1026,,,,NE,,28760,28-760
1929,1429,,,,NE,,28840,28-840
1930,2941,,,,NE,,28210,28-210
1931,890,,,,NE,,28270,28-270
1932,2550,,,,NE,,28120,28-120
1933,700,,,,NE,,28390,28-390
1934,2405,,,,NE,,28310,28-310
1935,1339,,,,NE,,28180,28-180
1936,2539,,,,NE,,28300,28-300
1937,1544,,,,NE,,28230,28-230
1938,2644,,,,NE,,28640,28-640
1939,3021,,,,NE,,28660,28-660
1940,3101,,,,NE,,28360,28-360
1941,1949,,,,NE,,28000,28-000
1942,2762,,,,NE,,28290,28-290
1943,2188,,,,NE,,28190,28-190
1944,3144,,,,NE,,28670,28-670
1945,2966,,,,NE,,28810,28-810
1946,2091,,,,NE,,28690,28-690
1947,2410,,,,NE,,28490,28-490
1948,2661,,,,NE,,28870,28-870
1949,2961,,,,NE,,28750,28-750
1950,2977,,,,NE,,28140,28-140
1951,3061,,,,NE,,28460,28-460
1952,1894,,,,NE,,28400,28-400
1953,2754,,,,NE,,28800,28-800
1954,3137,,,,NH,,30084,30-084
1955,736,,,,NH,,30070,30-070
1956,808,,,,NH,,30030,30-030
1957,2557,,,,NH,,30020,30-020
1958,141,,,,NH,,30080,30-080
1959,284,,,,NH,,30040,30-040
1960,1980,,,,NH,,30000,30-000
1961,459,,,,NH,,30090,30-090
1962,2932,,,,NH,,30014,30-014
1963,1601,,,,NH,,30034,30-034
1964,2971,,,,NH,,30117,30-117
1965,735,,,,NH,,30311,30-311
1966,79,,,,NH,,30050,30-050
1967,1391,,,,NH,,30010,30-010
1968,2371,,,,NH,,30470,30-470
1969,234,,,,NH,,30060,30-060
1970,2239,,,,NH,,30260,30-260
1971,855,,,,NJ,,31260,31-260
1972,1338,,,,NJ,,31220,31-220
1973,897,,,,NJ,,31350,31-350
1974,906,,,,NJ,,31390,31-390
1975,196,,,,NJ,,31160,31-160
1976,226,,,,NJ,,31320,31-320
1977,121,,,,NJ,,31270,31-270
1978,83,,,,NJ,,31300,31-300
1979,54,,,,NJ,,31290,31-290
1980,616,,,,NJ,,31230,31-230
1981,2078,,,,NJ,,31250,31-250
1982,644,,,,NJ,,31100,31-100
1983,1485,,,,NJ,,31360,31-360
1984,454,,,,NJ,,31000,31-000
1985,222,,,,NJ,,31150,31-150
1986,557,,,,NJ,,31340,31-340
1987,213,,,,NJ,,31310,31-310
1988,2045,,,,NJ,,31180,31-180
1989,137,,,,NJ,,31200,31-200
1990,417,,,,NJ,,31190,31-190
1991,464,,,,NJ,,31370,31-370
1992,587,,,,NM,,32190,32-190
1993,920,,,,NM,,32070,32-070
1994,1362,,,,NM,,32270,32-270
1995,2955,,,,NM,,32050,32-050
1996,2093,,,,NM,,32140,32-140
1997,1852,,,,NM,,32130,32-130
1998,2418,,,,NM,,32131,32-131
1999,972,,,,NM,,32240,32-240
2000,633,,,,NM,,32060,32-060
2001,576,,,,NM,,32230,32-230
2002,2861,,,,NM,,32010,32-010
2003,1033,,,,NM,,32300,32-300
2004,2741,,,,NM,,32290,32-290
2005,2069,,,,NM,,32040,32-040
2006,2232,,,,NM,,32090,32-090
2007,734,,,,NM,,32210,32-210
2008,1620,,,,NM,,32120,32-120
2009,22,,,,NM,,32000,32-000
2010,1950,,,,NM,,32030,32-030
2011,1752,,,,NM,,32170,32-170
2012,1114,,,,NM,,32180,32-180
2013,1495,,,,NM,,32220,32-220
2014,672,,,,NM,,32150,32-150
2015,957,,,,NM,,32080,32-080
2016,1901,,,,NM,,32025,32-025
2017,2196,,,,NM,,32160,32-160
2018,3158,,,,NM,,32100,32-100
2019,2222,,,,NM,,32110,32-110
2020,149,,,,NM,,32020,32-020
2021,533,,,,NM,,32280,32-280
2022,2057,,,,NM,,32250,32-250
2023,1159,,,,NM,,32200,32-200
2024,1311,,,,NM,,32260,32-260
2025,2554,,,,NV,,29060,29-060
2026,3169,,,,NV,,29140,29-140
2027,2950,,,,NV,,29080,29-080
2028,1598,,,,NV,,29100,29-100
2029,1354,,,,NV,,29110,29-110
2030,2651,,,,NV,,29130,29-130
2031,770,,,,NV,,29160,29-160
2032,1226,,,,NV,,29090,29-090
2033,1138,,,,NV,,29000,29-000
2034,2708,,,,NV,,29070,29-070
2035,960,,,,NV,,29120,29-120
2036,445,,,,NV,,29150,29-150
2037,3000,,,,NV,,29050,29-050
2038,415,,,,NV,,29020,29-020
2039,325,,,,NV,,29010,29-010
2040,1807,,,,NV,,29030,29-030
2041,1100,,,,NY,,33550,33-550
2042,525,,,,NY,,33690,33-690
2043,744,,,,NY,,33060,33-060
2044,2390,,,,NY,,33670,33-670
2045,807,,,,NY,,33310,33-310
2046,251,,,,NY,,33620,33-620
2047,457,,,,NY,,33520,33-520
2048,695,,,,NY,,33300,33-300
2049,952,,,,NY,,33500,33-500
2050,1820,,,,NY,,33270,33-270
2051,437,,,,NY,,33600,33-600
2052,1042,,,,NY,,33330,33-330
2053,65,,,,NY,,33510,33-510
2054,338,,,,NY,,33230,33-230
2055,352,,,,NY,,33240,33-240
2056,1377,,,,NY,,33260,33-260
2057,384,,,,NY,,33000,33-000
2058,1247,,,,NY,,33080,33-080
2059,1624,,,,NY,,33640,33-640
2060,655,,,,NY,,33570,33-570
2061,2655,,,,NY,,33010,33-010
2062,492,,,,NY,,33720,33-720
2063,623,,,,NY,,33730,33-730
2064,328,,,,NY,,33650,33-650
2065,1276,,,,NY,,33290,33-290
2066,941,,,,NY,,33070,33-070
2067,682,,,,NY,,33280,33-280
2068,1638,,,,NY,,33040,33-040
2069,1003,,,,NY,,33540,33-540
2070,1470,,,,NY,,33220,33-220
2071,2682,,,,NY,,33340,33-340
2072,62,,,,NY,,33590,33-590
2073,2172,,,,NY,,33210,33-210
2074,844,,,,NY,,33630,33-630
2075,271,,,,NY,,33030,33-030
2076,241,,,,NY,,33910,33-910
2077,708,,,,NY,,33900,33-900
2078,1188,,,,NY,,33090,33-090
2079,182,,,,NY,,33760,33-760
2080,651,,,,NY,,33360,33-360
2081,999,,,,NY,,33580,33-580
2082,262,,,,NY,,33800,33-800
2083,1322,,,,NY,,33770,33-770
2084,1539,,,,NY,,33050,33-050
2085,39,,,,NY,,33020,33-020
2086,1025,,,,NY,,33560,33-560
2087,203,,,,NY,,33420,33-420
2088,158,,,,NY,,33610,33-610
2089,207,,,,NY,,33750,33-750
2090,287,,,,NY,,33370,33-370
2091,1178,,,,NY,,33740,33-740
2092,120,,,,NY,,33200,33-200
2093,1173,,,,NY,,33380,33-380
2094,1380,,,,NY,,33660,33-660
2095,1577,,,,NY,,33350,33-350
2096,2116,,,,NY,,33680,33-680
2097,135,,,,NY,,33331,33-331
2098,34,,,,NY,,33700,33-700
2099,530,,,,NY,,33710,33-710
2100,1259,,,,NY,,33320,33-320
2101,1390,,,,NY,,33530,33-530
2102,6,,,,NY,,33400,33-400
2103,928,,,,OH,,36130,36-130
2104,1168,,,,OH,,36880,36-880
2105,1491,,,,OH,,36260,36-260
2106,2047,,,,OH,,36500,36-500
2107,2929,,,,OH,,36590,36-590
2108,1773,,,,OH,,36850,36-850
2109,1834,,,,OH,,36760,36-760
2110,2102,,,,OH,,36700,36-700
2111,612,,,,OH,,36720,36-720
2112,827,,,,OH,,36840,36-840
2113,1170,,,,OH,,36340,36-340
2114,604,,,,OH,,36740,36-740
2115,463,,,,OH,,36250,36-250
2116,1904,,,,OH,,36420,36-420
2117,157,,,,OH,,36080,36-080
2118,519,,,,OH,,36580,36-580
2119,782,,,,OH,,36680,36-680
2120,1843,,,,OH,,36670,36-670
2121,2032,,,,OH,,36400,36-400
2122,378,,,,OH,,36370,36-370
2123,1385,,,,OH,,36820,36-820
2124,1396,,,,OH,,36690,36-690
2125,2157,,,,OH,,36610,36-610
2126,1399,,,,OH,,36410,36-410
2127,1690,,,,OH,,36600,36-600
2128,2455,,,,OH,,36540,36-540
2129,2082,,,,OH,,36390,36-390
2130,760,,,,OH,,36090,36-090
2131,115,,,,OH,,36170,36-170
2132,893,,,,OH,,36140,36-140
2133,161,,,,OH,,36490,36-490
2134,541,,,,OH,,36780,36-780
2135,508,,,,OH,,36300,36-300
2136,1167,,,,OH,,36010,36-010
2137,2322,,,,OH,,36570,36-570
2138,1212,,,,OH,,36160,36-160
2139,1586,,,,OH,,36000,36-000
2140,948,,,,OH,,36800,36-800
2141,1162,,,,OH,,36230,36-230
2142,2672,,,,OH,,36550,36-550
2143,965,,,,OH,,36030,36-030
2144,2063,,,,OH,,36040,36-040
2145,1229,,,,OH,,36120,36-120
2146,173,,,,OH,,36310,36-310
2147,1507,,,,OH,,36750,36-750
2148,2016,,,,OH,,36200,36-200
2149,321,,,,OH,,36280,36-280
2150,1714,,,,OH,,36070,36-070
2151,471,,,,OH,,36530,36-530
2152,1433,,,,OH,,36290,36-290
2153,1928,,,,OH,,36890,36-890
2154,64,,,,OH,,36770,36-770
2155,707,,,,OH,,36110,36-110
2156,2598,,,,OH,,36830,36-830
2157,1341,,,,OH,,36710,36-710
2158,1437,,,,OH,,36520,36-520
2159,2197,,,,OH,,36350,36-350
2160,1223,,,,OH,,36440,36-440
2161,1908,,,,OH,,36150,36-150
2162,102,,,,OH,,36630,36-630
2163,113,,,,OH,,36480,36-480
2164,650,,,,OH,,36860,36-860
2165,1492,,,,OH,,36050,36-050
2166,1570,,,,OH,,36810,36-810
2167,2219,,,,OH,,36430,36-430
2168,2224,,,,OH,,36190,36-190
2169,283,,,,OH,,36450,36-450
2170,389,,,,OH,,36510,36-510
2171,1447,,,,OH,,36020,36-020
2172,1493,,,,OH,,36220,36-220
2173,1757,,,,OH,,36060,36-060
2174,1933,,,,OH,,36270,36-270
2175,1093,,,,OH,,36560,36-560
2176,1825,,,,OH,,36240,36-240
2177,1744,,,,OH,,36380,36-380
2178,1876,,,,OH,,36620,36-620
2179,2193,,,,OH,,36360,36-360
2180,959,,,,OH,,36210,36-210
2181,1434,,,,OH,,36790,36-790
2182,1746,,,,OH,,36660,36-660
2183,29,,,,OH,,36870,36-870
2184,461,,,,OH,,36470,36-470
2185,1160,,,,OH,,36330,36-330
2186,2234,,,,OH,,36100,36-100
2187,1556,,,,OH,,36650,36-650
2188,1579,,,,OH,,36460,36-460
2189,1878,,,,OH,,36730,36-730
2190,2369,,,,OH,,36640,36-640
2191,2465,,,,OK,,37590,37-590
2192,1560,,,,OK,,37700,37-700
2193,1781,,,,OK,,37450,37-450
2194,1052,,,,OK,,37680,37-680
2195,1645,,,,OK,,37240,37-240
2196,1877,,,,OK,,37190,37-190
2197,2705,,,,OK,,37690,37-690
2198,105,,,,OK,,37480,37-480
2199,1548,,,,OK,,37050,37-050
2200,2470,,,,OK,,37630,37-630
2201,2521,,,,OK,,37740,37-740
2202,1426,,,,OK,,37000,37-000
2203,3052,,,,OK,,37030,37-030
2204,214,,,,OK,,37540,37-540
2205,784,,,,OK,,37440,37-440
2206,1007,,,,OK,,37510,37-510
2207,2370,,,,OK,,37170,37-170
2208,2998,,,,OK,,37270,37-270
2209,994,,,,OK,,37130,37-130
2210,1083,,,,OK,,37390,37-390
2211,2120,,,,OK,,37460,37-460
2212,2261,,,,OK,,37420,37-420
2213,2634,,,,OK,,37220,37-220
2214,984,,,,OK,,37430,37-430
2215,2034,,,,OK,,37330,37-330
2216,2126,,,,OK,,37530,37-530
2217,2419,,,,OK,,37340,37-340
2218,300,,,,OK,,37500,37-500
2219,2898,,,,OK,,37370,37-370
2220,2871,,,,OK,,37640,37-640
2221,593,,,,OK,,37360,37-360
2222,892,,,,OK,,37400,37-400
2223,1866,,,,OK,,37320,37-320
2224,330,,,,OK,,37250,37-250
2225,332,,,,OK,,37710,37-710
2226,1201,,,,OK,,37600,37-600
2227,1343,,,,OK,,37560,37-560
2228,2700,,,,OK,,37470,37-470
2229,1541,,,,OK,,37550,37-550
2230,2837,,,,OK,,37520,37-520
2231,456,,,,OK,,37650,37-650
2232,560,,,,OK,,37230,37-230
2233,1393,,,,OK,,37290,37-290
2234,1708,,,,OK,,37200,37-200
2235,602,,,,OK,,37150,37-150
2236,582,,,,OK,,37060,37-060
2237,1585,,,,OK,,37720,37-720
2238,2477,,,,OK,,37490,37-490
2239,689,,,,OK,,37070,37-070
2240,406,,,,OK,,37300,37-300
2241,1219,,,,OK,,37100,37-100
2242,2723,,,,OK,,37040,37-040
2243,2191,,,,OK,,37080,37-080
2244,1519,,,,OK,,37620,37-620
2245,1926,,,,OK,,37410,37-410
2246,267,,,,OK,,37180,37-180
2247,2375,,,,OK,,37210,37-210
2248,49,,,,OK,,37670,37-670
2249,745,,,,OK,,37090,37-090
2250,3056,,,,OK,,37120,37-120
2251,429,,,,OK,,37660,37-660
2252,1225,,,,OK,,37010,37-010
2253,2500,,,,OK,,37760,37-760
2254,1298,,,,OK,,37380,37-380
2255,2917,,,,OK,,37140,37-140
2256,2257,,,,OK,,37310,37-310
2257,2040,,,,OK,,37350,37-350
2258,2692,,,,OK,,37260,37-260
2259,431,,,,OK,,37160,37-160
2260,269,,,,OK,,37730,37-730
2261,1182,,,,OK,,37610,37-610
2262,2653,,,,OK,,37020,37-020
2263,2351,,,,OK,,37750,37-750
2264,2694,,,,OK,,37280,37-280
2265,2794,,,,OK,,37580,37-580
2266,3024,,,,OK,,37110,37-110
2267,581,,,,OK,,37570,37-570
2268,3154,,,,OR,,38340,38-340
2269,919,,,,OR,,38330,38-330
2270,2899,,,,OR,,38240,38-240
2271,3071,,,,OR,,38100,38-100
2272,915,,,,OR,,38190,38-190
2273,1787,,,,OR,,38120,38-120
2274,680,,,,OR,,38320,38-320
2275,418,,,,OR,,38200,38-200
2276,1139,,,,OR,,38260,38-260
2277,1703,,,,OR,,38040,38-040
2278,2860,,,,OR,,38110,38-110
2279,2336,,,,OR,,38180,38-180
2280,1813,,,,OR,,38130,38-130
2281,45,,,,OR,,38230,38-230
2282,1077,,,,OR,,38220,38-220
2283,3091,,,,OR,,38270,38-270
2284,759,,,,OR,,38170,38-170
2285,1419,,,,OR,,38290,38-290
2286,1896,,,,OR,,38310,38-310
2287,493,,,,OR,,38210,38-210
2288,1267,,,,OR,,38350,38-350
2289,583,,,,OR,,38070,38-070
2290,961,,,,OR,,38060,38-060
2291,1851,,,,OR,,38000,38-000
2292,327,,,,OR,,38020,38-020
2293,497,,,,OR,,38080,38-080
2294,125,,,,OR,,38250,38-250
2295,910,,,,OR,,38300,38-300
2296,1108,,,,OR,,38030,38-030
2297,369,,,,OR,,38090,38-090
2298,1764,,,,OR,,38150,38-150
2299,278,,,,OR,,38140,38-140
2300,609,,,,OR,,38160,38-160
2301,667,,,,OR,,38050,38-050
2302,27,,,,OR,,38010,38-010
2303,488,,,,OR,,38280,38-280
2304,314,,,,PA,,39470,39-470
2305,1171,,,,PA,,39160,39-160
2306,780,,,,PA,,39610,39-610
2307,1210,,,,PA,,39180,39-180
2308,1302,,,,PA,,39740,39-740
2309,1587,,,,PA,,39790,39-790
2310,931,,,,PA,,39400,39-400
2311,421,,,,PA,,39590,39-590
2312,536,,,,PA,,39800,39-800
2313,1687,,,,PA,,39630,39-630
2314,123,,,,PA,,39560,39-560
2315,2148,,,,PA,,39310,39-310
2316,37,,,,PA,,39620,39-620
2317,395,,,,PA,,39710,39-710
2318,739,,,,PA,,39420,39-420
2319,2445,,,,PA,,39690,39-690
2320,2452,,,,PA,,39360,39-360
2321,310,,,,PA,,39070,39-070
2322,912,,,,PA,,39220,39-220
2323,2,,,,PA,,39230,39-230
2324,559,,,,PA,,39000,39-000
2325,678,,,,PA,,39210,39-210
2326,988,,,,PA,,39320,39-320
2327,1262,,,,PA,,39330,39-330
2328,97,,,,PA,,39260,39-260
2329,193,,,,PA,,39100,39-100
2330,1169,,,,PA,,39600,39-600
2331,1480,,,,PA,,39190,39-190
2332,263,,,,PA,,39290,39-290
2333,916,,,,PA,,39550,39-550
2334,1440,,,,PA,,39670,39-670
2335,2605,,,,PA,,39240,39-240
2336,400,,,,PA,,39350,39-350
2337,824,,,,PA,,39450,39-450
2338,864,,,,PA,,39110,39-110
2339,596,,,,PA,,39540,39-540
2340,922,,,,PA,,39760,39-760
2341,2233,,,,PA,,39580,39-580
2342,7,,,,PA,,39270,39-270
2343,2150,,,,PA,,39410,39-410
2344,186,,,,PA,,39250,39-250
2345,3,,,,PA,,39280,39-280
2346,286,,,,PA,,39140,39-140
2347,1702,,,,PA,,39640,39-640
2348,661,,,,PA,,39750,39-750
2349,3072,,,,PA,,39340,39-340
2350,59,,,,PA,,39010,39-010
2351,685,,,,PA,,39720,39-720
2352,2358,,,,PA,,39700,39-700
2353,618,,,,PA,,39480,39-480
2354,706,,,,PA,,39370,39-370
2355,853,,,,PA,,39130,39-130
2356,230,,,,PA,,39080,39-080
2357,637,,,,PA,,39530,39-530
2358,306,,,,PA,,39200,39-200
2359,607,,,,PA,,39380,39-380
2360,1288,,,,PA,,39520,39-520
2361,1699,,,,PA,,39460,39-460
2362,1756,,,,PA,,39510,39-510
2363,390,,,,PA,,39770,39-770
2364,1336,,,,PA,,39730,39-730
2365,1647,,,,PA,,39390,39-390
2366,1829,,,,PA,,39680,39-680
2367,1197,,,,PA,,39120,39-120
2368,1582,,,,PA,,39650,39-650
2369,608,,,,PA,,39150,39-150
2370,627,,,,PA,,39440,39-440
2371,13,,,,RI,,41030,41-030
2372,1542,,,,RI,,41050,41-050
2373,632,,,,RI,,41000,41-000
2374,247,,,,RI,,41010,41-010
2375,1180,,,,RI,,41020,41-020
2376,337,,,,SC,,42060,42-060
2377,366,,,,SC,,42010,42-010
2378,374,,,,SC,,42270,42-270
2379,645,,,,SC,,42280,42-280
2380,1253,,,,SC,,42360,42-360
2381,1309,,,,SC,,42150,42-150
2382,1660,,,,SC,,42320,42-320
2383,1274,,,,SC,,42420,42-420
2384,2146,,,,SC,,42190,42-190
2385,866,,,,SC,,42220,42-220
2386,886,,,,SC,,42310,42-310
2387,546,,,,SC,,42140,42-140
2388,1175,,,,SC,,42000,42-000
2389,1081,,,,SC,,42170,42-170
2390,2910,,,,SC,,42080,42-080
2391,315,,,,SC,,42390,42-390
2392,403,,,,SC,,42410,42-410
2393,2368,,,,SC,,42240,42-240
2394,592,,,,SC,,42400,42-400
2395,843,,,,SC,,42110,42-110
2396,114,,,,SC,,42090,42-090
2397,2005,,,,SC,,42130,42-130
2398,2075,,,,SC,,42040,42-040
2399,2240,,,,SC,,42020,42-020
2400,124,,,,SC,,42380,42-380
2401,787,,,,SC,,42070,42-070
2402,1476,,,,SC,,42180,42-180
2403,154,,,,SC,,42450,42-450
2404,372,,,,SC,,42250,42-250
2405,2000,,,,SC,,42210,42-210
2406,654,,,,SC,,42370,42-370
2407,2566,,,,SC,,42260,42-260
2408,217,,,,SC,,42050,42-050
2409,981,,,,SC,,42290,42-290
2410,1858,,,,SC,,42120,42-120
2411,221,,,,SC,,42200,42-200
2412,1012,,,,SC,,42300,42-300
2413,1997,,,,SC,,42440,42-440
2414,1411,,,,SC,,42350,42-350
2415,1316,,,,SC,,42160,42-160
2416,2334,,,,SC,,42430,42-430
2417,342,,,,SC,,42330,42-330
2418,290,,,,SC,,42230,42-230
2419,1153,,,,SC,,42030,42-030
2420,2354,,,,SC,,42340,42-340
2421,506,,,,SC,,42100,42-100
2422,2760,,,,SD,,43570,43-570
2423,665,,,,SD,,43510,43-510
2424,1499,,,,SD,,43110,43-110
2425,1841,,,,SD,,43540,43-540
2426,2201,,,,SD,,43170,43-170
2427,2353,,,,SD,,43560,43-560
2428,1521,,,,SD,,43400,43-400
2429,3070,,,,SD,,43590,43-590
2430,3155,,,,SD,,43290,43-290
2431,2840,,,,SD,,43350,43-350
2432,3133,,,,SD,,43430,43-430
2433,2725,,,,SD,,43250,43-250
2434,1021,,,,SD,,43190,43-190
2435,1999,,,,SD,,43630,43-630
2436,3026,,,,SD,,43420,43-420
2437,2020,,,,SD,,43270,43-270
2438,2599,,,,SD,,43040,43-040
2439,1819,,,,SD,,43130,43-130
2440,2748,,,,SD,,43500,43-500
2441,2604,,,,SD,,43230,43-230
2442,3126,,,,SD,,43480,43-480
2443,2649,,,,SD,,43530,43-530
2444,2874,,,,SD,,43520,43-520
2445,2909,,,,SD,,43620,43-620
2446,1416,,,,SD,,43060,43-060
2447,2304,,,,SD,,43050,43-050
2448,2426,,,,SD,,43680,43-680
2449,2451,,,,SD,,43640,43-640
2450,2956,,,,SD,,43150,43-150
2451,1761,,,,SD,,43020,43-020
2452,2686,,,,SD,,43390,43-390
2453,3184,,,,SD,,43650,43-650
2454,1680,,,,SD,,43140,43-140
2455,2033,,,,SD,,43670,43-670
2456,2432,,,,SD,,43360,43-360
2457,2715,,,,SD,,43340,43-340
2458,3018,,,,SD,,43200,43-200
2459,2006,,,,SD,,43600,43-600
2460,2808,,,,SD,,43470,43-470
2461,3034,,,,SD,,43100,43-100
2462,174,,,,SD,,43450,43-450
2463,2183,,,,SD,,43330,43-330
2464,2547,,,,SD,,43460,43-460
2465,2081,,,,SD,,43380,43-380
2466,2414,,,,SD,,43610,43-610
2467,1941,,,,SD,,43300,43-300
2468,3089,,,,SD,,43280,43-280
2469,211,,,,SD,,43490,43-490
2470,2532,,,,SD,,43120,43-120
2471,2639,,,,SD,,43030,43-030
2472,2640,,,,SD,,43210,43-210
2473,2581,,,,SD,,43320,43-320
2474,2595,,,,SD,,43160,43-160
2475,2872,,,,SD,,43440,43-440
2476,1797,,,,SD,,43260,43-260
2477,2206,,,,SD,,43410,43-410
2478,2923,,,,SD,,43090,43-090
2479,2848,,,,SD,,43070,43-070
2480,3177,,,,SD,,43370,43-370
2481,3114,,,,SD,,43080,43-080
2482,2459,,,,SD,,43180,43-180
2483,1543,,,,SD,,43580,43-580
2484,2846,,,,SD,,43550,43-550
2485,649,,,,TN,,44800,44-800
2486,1088,,,,TN,,44500,44-500
2487,2546,,,,TN,,44690,44-690
2488,732,,,,TN,,44890,44-890
2489,811,,,,TN,,44010,44-010
2490,1107,,,,TN,,44480,44-480
2491,1993,,,,TN,,44550,44-550
2492,1231,,,,TN,,44830,44-830
2493,244,,,,TN,,44780,44-780
2494,579,,,,TN,,44380,44-380
2495,1863,,,,TN,,44770,44-770
2496,2167,,,,TN,,44570,44-570
2497,2177,,,,TN,,44020,44-020
2498,2509,,,,TN,,44510,44-510
2499,564,,,,TN,,44860,44-860
2500,1158,,,,TN,,44700,44-700
2501,2573,,,,TN,,44200,44-200
2502,2726,,,,TN,,44580,44-580
2503,698,,,,TN,,44750,44-750
2504,1561,,,,TN,,44670,44-670
2505,375,,,,TN,,44100,44-100
2506,199,,,,TN,,44740,44-740
2507,615,,,,TN,,44150,44-150
2508,580,,,,TN,,44270,44-270
2509,629,,,,TN,,44820,44-820
2510,1089,,,,TN,,44340,44-340
2511,1652,,,,TN,,44140,44-140
2512,635,,,,TN,,44430,44-430
2513,1952,,,,TN,,44440,44-440
2514,2289,,,,TN,,44470,44-470
2515,881,,,,TN,,44790,44-790
2516,1424,,,,TN,,44210,44-210
2517,884,,,,TN,,44650,44-650
2518,1310,,,,TN,,44560,44-560
2519,805,,,,TN,,44080,44-080
2520,1498,,,,TN,,44850,44-850
2521,1333,,,,TN,,44000,44-000
2522,1342,,,,TN,,44370,44-370
2523,1540,,,,TN,,44160,44-160
2524,1609,,,,TN,,44250,44-250
2525,2376,,,,TN,,44330,44-330
2526,279,,,,TN,,44460,44-460
2527,1199,,,,TN,,44360,44-360
2528,2281,,,,TN,,44900,44-900
2529,2953,,,,TN,,44870,44-870
2530,401,,,,TN,,44940,44-940
2531,937,,,,TN,,44930,44-930
2532,1235,,,,TN,,44660,44-660
2533,1895,,,,TN,,44600,44-600
2534,2565,,,,TN,,44680,44-680
2535,301,,,,TN,,44220,44-220
2536,716,,,,TN,,44730,44-730
2537,1502,,,,TN,,44240,44-240
2538,2427,,,,TN,,44030,44-030
2539,1260,,,,TN,,44090,44-090
2540,1290,,,,TN,,44450,44-450
2541,2505,,,,TN,,44760,44-760
2542,2718,,,,TN,,44630,44-630
2543,683,,,,TN,,44810,44-810
2544,1734,,,,TN,,44720,44-720
2545,1751,,,,TN,,44880,44-880
2546,2189,,,,TN,,44920,44-920
2547,1221,,,,TN,,44620,44-620
2548,179,,,,TN,,44290,44-290
2549,2638,,,,TN,,44400,44-400
2550,3003,,,,TN,,44410,44-410
2551,72,,,,TN,,44180,44-180
2552,434,,,,TN,,44520,44-520
2553,1383,,,,TN,,44420,44-420
2554,1957,,,,TN,,44490,44-490
2555,969,,,,TN,,44390,44-390
2556,1442,,,,TN,,44910,44-910
2557,12,,,,TN,,44230,44-230
2558,177,,,,TN,,44320,44-320
2559,574,,,,TN,,44170,44-170
2560,880,,,,TN,,44050,44-050
2561,2003,,,,TN,,44300,44-300
2562,1232,,,,TN,,44610,44-610
2563,483,,,,TN,,44040,44-040
2564,423,,,,TN,,44120,44-120
2565,2884,,,,TN,,44350,44-350
2566,648,,,,TN,,44540,44-540
2567,747,,,,TN,,44070,44-070
2568,2689,,,,TN,,44190,44-190
2569,636,,,,TN,,44260,44-260
2570,1366,,,,TN,,44060,44-060
2571,1450,,,,TN,,44280,44-280
2572,2496,,,,TN,,44110,44-110
2573,1292,,,,TN,,44590,44-590
2574,1024,,,,TN,,44310,44-310
2575,1639,,,,TN,,44840,44-840
2576,2485,,,,TN,,44640,44-640
2577,1478,,,,TN,,44530,44-530
2578,2165,,,,TN,,44710,44-710
2579,2544,,,,TN,,44130,44-130
2580,210,,,,TX,,45860,45-860
2581,704,,,,TX,,45470,45-470
2582,1228,,,,TX,,45946,45-946
2583,1477,,,,TX,,45845,45-845
2584,1483,,,,TX,,45661,45-661
2585,1740,,,,TX,,45790,45-790
2586,1079,,,,TX,,45120,45-120
2587,2154,,,,TX,,45251,45-251
2588,2253,,,,TX,,45210,45-210
2589,2266,,,,TX,,45797,45-797
2590,2857,,,,TX,,45223,45-223
2591,3118,,,,TX,,45632,45-632
2592,259,,,,TX,,45758,45-758
2593,466,,,,TX,,45780,45-780
2594,1948,,,,TX,,45973,45-973
2595,2430,,,,TX,,45951,45-951
2596,2824,,,,TX,,45804,45-804
2597,3067,,,,TX,,45521,45-521
2598,3092,,,,TX,,45621,45-621
2599,1766,,,,TX,,45754,45-754
2600,1860,,,,TX,,45750,45-750
2601,1974,,,,TX,,45783,45-783
2602,2022,,,,TX,,45070,45-070
2603,2901,,,,TX,,45793,45-793
2604,3095,,,,TX,,45742,45-742
2605,1398,,,,TX,,45954,45-954
2606,1497,,,,TX,,45731,45-731
2607,1846,,,,TX,,45756,45-756
2608,2712,,,,TX,,45520,45-520
2609,2992,,,,TX,,45760,45-760
2610,3066,,,,TX,,45744,45-744
2611,1857,,,,TX,,45580,45-580
2612,2124,,,,TX,,45711,45-711
2613,2572,,,,TX,,45660,45-660
2614,305,,,,TX,,45160,45-160
2615,552,,,,TX,,45480,45-480
2616,331,,,,TX,,45652,45-652
2617,361,,,,TX,,45940,45-940
2618,362,,,,TX,,45822,45-822
2619,860,,,,TX,,45974,45-974
2620,2632,,,,TX,,45753,45-753
2621,3136,,,,TX,,45944,45-944
2622,198,,,,TX,,45670,45-670
2623,790,,,,TX,,45650,45-650
2624,841,,,,TX,,45320,45-320
2625,2264,,,,TX,,45842,45-842
2626,2858,,,,TX,,45460,45-460
2627,2987,,,,TX,,45886,45-886
2628,465,,,,TX,,45879,45-879
2629,1631,,,,TX,,45820,45-820
2630,2309,,,,TX,,45420,45-420
2631,3140,,,,TX,,45781,45-781
2632,992,,,,TX,,45511,45-511
2633,2316,,,,TX,,45871,45-871
2634,35,,,,TX,,45390,45-390
2635,851,,,,TX,,45190,45-190
2636,1514,,,,TX,,45260,45-260
2637,2036,,,,TX,,45651,45-651
2638,2789,,,,TX,,45583,45-583
2639,3129,,,,TX,,45350,45-350
2640,3146,,,,TX,,45360,45-360
2641,1113,,,,TX,,45941,45-941
2642,1116,,,,TX,,45949,45-949
2643,1254,,,,TX,,45861,45-861
2644,2001,,,,TX,,45757,45-757
2645,3051,,,,TX,,45080,45-080
2646,3180,,,,TX,,45902,45-902
2647,41,,,,TX,,45734,45-734
2648,232,,,,TX,,45885,45-885
2649,1244,,,,TX,,45640,45-640
2650,1845,,,,TX,,45743,45-743
2651,2246,,,,TX,,45947,45-947
2652,2675,,,,TX,,45540,45-540
2653,94,,,,TX,,45090,45-090
2654,2845,,,,TX,,45040,45-040
2655,473,,,,TX,,45770,45-770
2656,971,,,,TX,,45220,45-220
2657,998,,,,TX,,45971,45-971
2658,3119,,,,TX,,45904,45-904
2659,1013,,,,TX,,45882,45-882
2660,1181,,,,TX,,45550,45-550
2661,1236,,,,TX,,45791,45-791
2662,1929,,,,TX,,45883,45-883
2663,1961,,,,TX,,45900,45-900
2664,2162,,,,TX,,45875,45-875
2665,2453,,,,TX,,45490,45-490
2666,2579,,,,TX,,45250,45-250
2667,2844,,,,TX,,45500,45-500
2668,3046,,,,TX,,45887,45-887
2669,3055,,,,TX,,45050,45-050
2670,3111,,,,TX,,45759,45-759
2671,223,,,,TX,,45948,45-948
2672,2302,,,,TX,,45800,45-800
2673,2650,,,,TX,,45113,45-113
2674,3060,,,,TX,,45844,45-844
2675,857,,,,TX,,45200,45-200
2676,2630,,,,TX,,45755,45-755
2677,2048,,,,TX,,45891,45-891
2678,2383,,,,TX,,45782,45-782
2679,2507,,,,TX,,45972,45-972
2680,302,,,,TX,,45810,45-810
2681,1133,,,,TX,,45291,45-291
2682,1458,,,,TX,,45421,45-421
2683,2319,,,,TX,,45281,45-281
2684,240,,,,TX,,45410,45-410
2685,1060,,,,TX,,45962,45-962
2686,2215,,,,TX,,45280,45-280
2687,2525,,,,TX,,45662,45-662
2688,1174,,,,TX,,45561,45-561
2689,1246,,,,TX,,45945,45-945
2690,1455,,,,TX,,45600,45-600
2691,2489,,,,TX,,45874,45-874
2692,2873,,,,TX,,45311,45-311
2693,3013,,,,TX,,45950,45-950
2694,1092,,,,TX,,45881,45-881
2695,2068,,,,TX,,45840,45-840
2696,2896,,,,TX,,45430,45-430
2697,143,,,,TX,,45130,45-130
2698,489,,,,TX,,45581,45-581
2699,1555,,,,TX,,45450,45-450
2700,1798,,,,TX,,45890,45-890
2701,2424,,,,TX,,45680,45-680
2702,2900,,,,TX,,45392,45-392
2703,2933,,,,TX,,45802,45-802
2704,293,,,,TX,,45722,45-722
2705,318,,,,TX,,45878,45-878
2706,1110,,,,TX,,45541,45-541
2707,1270,,,,TX,,45830,45-830
2708,1463,,,,TX,,45340,45-340
2709,1891,,,,TX,,45901,45-901
2710,1892,,,,TX,,45761,45-761
2711,573,,,,TX,,45431,45-431
2712,2719,,,,TX,,45531,45-531
2713,3080,,,,TX,,45710,45-710
2714,3163,,,,TX,,45522,45-522
2715,768,,,,TX,,45240,45-240
2716,1939,,,,TX,,45292,45-292
2717,2707,,,,TX,,45321,45-321
2718,3138,,,,TX,,45873,45-873
2719,3168,,,,TX,,45201,45-201
2720,693,,,,TX,,45140,45-140
2721,990,,,,TX,,45794,45-794
2722,1043,,,,TX,,45510,45-510
2723,1058,,,,TX,,45892,45-892
2724,2490,,,,TX,,45582,45-582
2725,2648,,,,TX,,45000,45-000
2726,2865,,,,TX,,45330,45-330
2727,2895,,,,TX,,45876,45-876
2728,3164,,,,TX,,45912,45-912
2729,504,,,,TX,,45720,45-720
2730,738,,,,TX,,45752,45-752
2731,1661,,,,TX,,45552,45-552
2732,2287,,,,TX,,45170,45-170
2733,2813,,,,TX,,45300,45-300
2734,2174,,,,TX,,45771,45-771
2735,2406,,,,TX,,45551,45-551
2736,350,,,,TX,,45953,45-953
2737,478,,,,TX,,45310,45-310
2738,699,,,,TX,,45180,45-180
2739,1150,,,,TX,,45570,45-570
2740,1630,,,,TX,,45795,45-795
2741,2357,,,,TX,,45893,45-893
2742,2321,,,,TX,,45690,45-690
2743,2729,,,,TX,,45654,45-654
2744,40,,,,TX,,45930,45-930
2745,2785,,,,TX,,45982,45-982
2746,2880,,,,TX,,45301,45-301
2747,2928,,,,TX,,45784,45-784
2748,53,,,,TX,,45100,45-100
2749,690,,,,TX,,45562,45-562
2750,942,,,,TX,,45961,45-961
2751,3103,,,,TX,,45362,45-362
2752,2024,,,,TX,,45010,45-010
2753,2887,,,,TX,,45980,45-980
2754,56,,,,TX,,45970,45-970
2755,940,,,,TX,,45841,45-841
2756,1547,,,,TX,,45312,45-312
2757,1958,,,,TX,,45542,45-542
2758,2096,,,,TX,,45020,45-020
2759,2506,,,,TX,,45380,45-380
2760,2751,,,,TX,,45751,45-751
2761,3014,,,,TX,,45955,45-955
2762,3028,,,,TX,,45400,45-400
2763,3181,,,,TX,,45691,45-691
2764,815,,,,TX,,45224,45-224
2765,1583,,,,TX,,45983,45-983
2766,2176,,,,TX,,45884,45-884
2767,2180,,,,TX,,45563,45-563
2768,2582,,,,TX,,45740,45-740
2769,209,,,,TX,,45530,45-530
2770,341,,,,TX,,45610,45-610
2771,381,,,,TX,,45681,45-681
2772,771,,,,TX,,45911,45-911
2773,1838,,,,TX,,45942,45-942
2774,1830,,,,TX,,45222,45-222
2775,2199,,,,TX,,45110,45-110
2776,1198,,,,TX,,45591,45-591
2777,1840,,,,TX,,45030,45-030
2778,801,,,,TX,,45821,45-821
2779,1294,,,,TX,,45960,45-960
2780,2501,,,,TX,,45803,45-803
2781,2792,,,,TX,,45921,45-921
2782,2875,,,,TX,,45391,45-391
2783,3057,,,,TX,,45796,45-796
2784,3128,,,,TX,,45905,45-905
2785,3173,,,,TX,,45560,45-560
2786,1034,,,,TX,,45730,45-730
2787,1452,,,,TX,,45620,45-620
2788,3152,,,,TX,,45370,45-370
2789,3176,,,,TX,,45290,45-290
2790,346,,,,TX,,45801,45-801
2791,613,,,,TX,,45653,45-653
2792,2803,,,,TX,,45270,45-270
2793,3125,,,,TX,,45361,45-361
2794,162,,,,TX,,45870,45-870
2795,540,,,,TX,,45943,45-943
2796,1190,,,,TX,,45631,45-631
2797,1832,,,,TX,,45880,45-880
2798,1992,,,,TX,,45981,45-981
2799,2242,,,,TX,,45952,45-952
2800,3153,,,,TX,,45832,45-832
2801,531,,,,TX,,45060,45-060
2802,589,,,,TX,,45792,45-792
2803,756,,,,TX,,45910,45-910
2804,1101,,,,TX,,45564,45-564
2805,1589,,,,TX,,45451,45-451
2806,2065,,,,TX,,45230,45-230
2807,2776,,,,TX,,45592,45-592
2808,945,,,,TX,,45700,45-700
2809,975,,,,TX,,45341,45-341
2810,1097,,,,TX,,45850,45-850
2811,453,,,,TX,,45843,45-843
2812,2462,,,,TX,,45772,45-772
2813,2958,,,,TX,,45831,45-831
2814,397,,,,TX,,45440,45-440
2815,451,,,,TX,,45221,45-221
2816,1109,,,,TX,,45672,45-672
2817,1155,,,,TX,,45888,45-888
2818,2389,,,,TX,,45785,45-785
2819,2835,,,,TX,,45913,45-913
2820,3149,,,,TX,,45872,45-872
2821,630,,,,TX,,45590,45-590
2822,1389,,,,TX,,45671,45-671
2823,1674,,,,UT,,46100,46-100
2824,2173,,,,UT,,46070,46-070
2825,19,,,,UT,,46170,46-170
2826,537,,,,UT,,46220,46-220
2827,1669,,,,UT,,46010,46-010
2828,413,,,,UT,,46050,46-050
2829,1932,,,,UT,,46230,46-230
2830,2676,,,,UT,,46140,46-140
2831,2530,,,,UT,,46250,46-250
2832,2106,,,,UT,,46080,46-080
2833,2114,,,,UT,,46190,46-190
2834,2200,,,,UT,,46060,46-060
2835,1130,,,,UT,,46180,46-180
2836,2475,,,,UT,,46200,46-200
2837,1204,,,,UT,,46020,46-020
2838,2303,,,,UT,,46210,46-210
2839,2972,,,,UT,,46120,46-120
2840,3023,,,,UT,,46270,46-270
2841,1835,,,,UT,,46040,46-040
2842,1962,,,,UT,,46150,46-150
2843,1056,,,,UT,,46030,46-030
2844,2981,,,,UT,,46160,46-160
2845,2149,,,,UT,,46000,46-000
2846,1321,,,,UT,,46110,46-110
2847,2190,,,,UT,,46130,46-130
2848,385,,,,UT,,46260,46-260
2849,1115,,,,UT,,46090,46-090
2850,839,,,,UT,,46280,46-280
2851,178,,,,UT,,46240,46-240
2852,2800,,,,VA,,49220,49-220
2853,933,,,,VA,,49801,49-801
2854,1441,,,,VA,,49530,49-530
2855,2186,,,,VA,,49610,49-610
2856,1818,,,,VA,,49191,49-191
2857,2070,,,,VA,,49900,49-900
2858,2464,,,,VA,,49621,49-621
2859,2771,,,,VA,,49960,49-960
2860,891,,,,VA,,49921,49-921
2861,1318,,,,VA,,49970,49-970
2862,2085,,,,VA,,49670,49-670
2863,2364,,,,VA,,49111,49-111
2864,528,,,,VA,,49711,49-711
2865,1346,,,,VA,,49060,49-060
2866,2017,,,,VA,,49380,49-380
2867,2029,,,,VA,,49920,49-920
2868,2764,,,,VA,,49400,49-400
2869,507,,,,VA,,49200,49-200
2870,1185,,,,VA,,49500,49-500
2871,1361,,,,VA,,49891,49-891
2872,2347,,,,VA,,49560,49-560
2873,2733,,,,VA,,49030,49-030
2874,1006,,,,VA,,49490,49-490
2875,2012,,,,VA,,49830,49-830
2876,2133,,,,VA,,49690,49-690
2877,2912,,,,VA,,49790,49-790
2878,2975,,,,VA,,49020,49-020
2879,44,,,,VA,,49563,49-563
2880,343,,,,VA,,49551,49-551
2881,817,,,,VA,,49791,49-791
2882,1451,,,,VA,,49680,49-680
2883,1509,,,,VA,,49330,49-330
2884,1520,,,,VA,,49410,49-410
2885,2564,,,,VA,,49212,49-212
2886,104,,,,VA,,49420,49-420
2887,270,,,,VA,,49000,49-000
2888,1653,,,,VA,,49820,49-820
2889,2041,,,,VA,,49850,49-850
2890,2497,,,,VA,,49328,49-328
2891,1782,,,,VA,,49150,49-150
2892,2361,,,,VA,,49110,49-110
2893,2412,,,,VA,,49540,49-540
2894,750,,,,VA,,49981,49-981
2895,1200,,,,VA,,49343,49-343
2896,2431,,,,VA,,49522,49-522
2897,1951,,,,VA,,49310,49-310
2898,1935,,,,VA,,49190,49-190
2899,2052,,,,VA,,49360,49-360
2900,570,,,,VA,,49580,49-580
2901,317,,,,VA,,49040,49-040
2902,578,,,,VA,,49421,49-421
2903,1045,,,,VA,,49070,49-070
2904,1987,,,,VA,,49892,49-892
2905,2004,,,,VA,,49270,49-270
2906,404,,,,VA,,49290,49-290
2907,643,,,,VA,,49810,49-810
2908,1061,,,,VA,,49550,49-550
2909,1358,,,,VA,,49870,49-870
2910,1769,,,,VA,,49140,49-140
2911,1648,,,,VA,,49470,49-470
2912,1753,,,,VA,,49660,49-660
2913,2600,,,,VA,,49211,49-211
2914,781,,,,VA,,49280,49-280
2915,911,,,,VA,,49740,49-740
2916,2486,,,,VA,,49080,49-080
2917,1553,,,,VA,,49771,49-771
2918,469,,,,VA,,49950,49-950
2919,511,,,,VA,,49090,49-090
2920,976,,,,VA,,49520,49-520
2921,1676,,,,VA,,49194,49-194
2922,2420,,,,VA,,49570,49-570
2923,882,,,,VA,,49288,49-288
2924,2275,,,,VA,,49210,49-210
2925,1096,,,,VA,,49411,49-411
2926,432,,,,VA,,49890,49-890
2927,657,,,,VA,,49910,49-910
2928,1379,,,,VA,,49160,49-160
2929,1078,,,,VA,,49750,49-750
2930,1982,,,,VA,,49350,49-350
2931,2925,,,,VA,,49100,49-100
2932,2943,,,,VA,,49050,49-050
2933,1844,,,,VA,,49213,49-213
2934,1861,,,,VA,,49170,49-170
2935,2103,,,,VA,,49340,49-340
2936,2229,,,,VA,,49951,49-951
2937,191,,,,VA,,49622,49-622
2938,518,,,,VA,,49011,49-011
2939,1376,,,,VA,,49800,49-800
2940,1783,,,,VA,,49650,49-650
2941,2064,,,,VA,,49342,49-342
2942,1715,,,,VA,,49880,49-880
2943,1903,,,,VA,,49291,49-291
2944,2182,,,,VA,,49838,49-838
2945,2394,,,,VA,,49712,49-712
2946,899,,,,VA,,49962,49-962
2947,1621,,,,VA,,49300,49-300
2948,1839,,,,VA,,49480,49-480
2949,257,,,,VA,,49430,49-430
2950,1739,,,,VA,,49451,49-451
2951,2151,,,,VA,,49561,49-561
2952,2270,,,,VA,,49867,49-867
2953,106,,,,VA,,49770,49-770
2954,818,,,,VA,,49720,49-720
2955,845,,,,VA,,49440,49-440
2956,1040,,,,VA,,49710,49-710
2957,1549,,,,VA,,49230,49-230
2958,2294,,,,VA,,49390,49-390
2959,2957,,,,VA,,49450,49-450
2960,216,,,,VA,,49130,49-130
2961,2185,,,,VA,,49961,49-961
2962,2299,,,,VA,,49460,49-460
2963,2553,,,,VA,,49590,49-590
2964,2780,,,,VA,,49240,49-240
2965,1559,,,,VA,,49980,49-980
2966,1214,,,,VA,,49088,49-088
2967,2086,,,,VA,,49930,49-930
2968,2476,,,,VA,,49510,49-510
2969,554,,,,VA,,49241,49-241
2970,1596,,,,VA,,49600,49-600
2971,2155,,,,VA,,49370,49-370
2972,2569,,,,VA,,49701,49-701
2973,2908,,,,VA,,49620,49-620
2974,367,,,,VA,,49120,49-120
2975,2026,,,,VA,,49860,49-860
2976,2330,,,,VA,,49250,49-250
2977,3078,,,,VA,,49796,49-796
2978,1955,,,,VA,,49260,49-260
2979,2841,,,,VA,,49141,49-141
2980,611,,,,VA,,49641,49-641
2981,714,,,,VA,,49010,49-010
2982,1317,,,,VA,,49320,49-320
2983,1508,,,,VA,,49730,49-730
2984,1203,,,,VA,,49700,49-700
2985,1683,,,,VA,,49780,49-780
2986,2714,,,,VA,,49180,49-180
2987,1044,,,,VT,,47010,47-010
2988,1956,,,,VT,,47070,47-070
2989,446,,,,VT,,47020,47-020
2990,551,,,,VT,,47040,47-040
2991,2187,,,,VT,,47050,47-050
2992,2555,,,,VT,,47060,47-060
2993,624,,,,VT,,47130,47-130
2994,1990,,,,VT,,47120,47-120
2995,888,,,,VT,,47090,47-090
2996,326,,,,VT,,47110,47-110
2997,1668,,,,VT,,47100,47-100
2998,215,,,,VT,,47030,47-030
2999,1467,,,,VT,,47080,47-080
3000,1020,,,,WA,,50280,50-280
3001,1691,,,,WA,,50190,50-190
3002,1729,,,,WA,,50150,50-150
3003,1665,,,,WA,,50140,50-140
3004,116,,,,WA,,50260,50-260
3005,1126,,,,WA,,50240,50-240
3006,1695,,,,WA,,50200,50-200
3007,1500,,,,WA,,50070,50-070
3008,1719,,,,WA,,50120,50-120
3009,1062,,,,WA,,50350,50-350
3010,639,,,,WA,,50080,50-080
3011,1970,,,,WA,,50180,50-180
3012,1252,,,,WA,,50360,50-360
3013,101,,,,WA,,50220,50-220
3014,1403,,,,WA,,50270,50-270
3015,1584,,,,WA,,50230,50-230
3016,2593,,,,WA,,50090,50-090
3017,2074,,,,WA,,50030,50-030
3018,2283,,,,WA,,50340,50-340
3019,192,,,,WA,,50330,50-330
3020,1123,,,,WA,,50040,50-040
3021,47,,,,WA,,50310,50-310
3022,701,,,,WA,,50300,50-300
3023,2508,,,,WA,,50370,50-370
3024,2742,,,,WA,,50000,50-000
3025,646,,,,WA,,50020,50-020
3026,1286,,,,WA,,50170,50-170
3027,2313,,,,WA,,50110,50-110
3028,18,,,,WA,,50160,50-160
3029,1018,,,,WA,,50050,50-050
3030,1605,,,,WA,,50250,50-250
3031,1770,,,,WA,,50100,50-100
3032,2678,,,,WA,,50210,50-210
3033,100,,,,WA,,50380,50-380
3034,1356,,,,WA,,50320,50-320
3035,2433,,,,WA,,50060,50-060
3036,2879,,,,WA,,50290,50-290
3037,1902,,,,WA,,50010,50-010
3038,1289,,,,WA,,50130,50-130
3039,277,,,,WI,,52050,52-050
3040,836,,,,WI,,52640,52-640
3041,590,,,,WI,,52150,52-150
3042,1071,,,,WI,,52410,52-410
3043,1461,,,,WI,,52300,52-300
3044,620,,,,WI,,52500,52-500
3045,1443,,,,WI,,52220,52-220
3046,1563,,,,WI,,52000,52-000
3047,562,,,,WI,,52180,52-180
3048,809,,,,WI,,52420,52-420
3049,1319,,,,WI,,52540,52-540
3050,2153,,,,WI,,52070,52-070
3051,195,,,,WI,,52100,52-100
3052,889,,,,WI,,52630,52-630
3053,201,,,,WI,,52020,52-020
3054,2588,,,,WI,,52230,52-230
3055,921,,,,WI,,52690,52-690
3056,1001,,,,WI,,52700,52-700
3057,1551,,,,WI,,52200,52-200
3058,2269,,,,WI,,52560,52-560
3059,43,,,,WI,,52580,52-580
3060,1710,,,,WI,,52600,52-600
3061,1148,,,,WI,,52520,52-520
3062,2629,,,,WI,,52010,52-010
3063,355,,,,WI,,52160,52-160
3064,2194,,,,WI,,52240,52-240
3065,496,,,,WI,,52130,52-130
3066,825,,,,WI,,52670,52-670
3067,1513,,,,WI,,52510,52-510
3068,1534,,,,WI,,52380,52-380
3069,2245,,,,WI,,52090,52-090
3070,1679,,,,WI,,52350,52-350
3071,1736,,,,WI,,52400,52-400
3072,3115,,,,WI,,52530,52-530
3073,67,,,,WI,,52310,52-310
3074,2132,,,,WI,,52210,52-210
3075,2203,,,,WI,,52460,52-460
3076,2570,,,,WI,,52280,52-280
3077,322,,,,WI,,52660,52-660
3078,2325,,,,WI,,52260,52-260
3079,2948,,,,WI,,52490,52-490
3080,631,,,,WI,,52270,52-270
3081,75,,,,WI,,52430,52-430
3082,2118,,,,WI,,52570,52-570
3083,51,,,,WI,,52040,52-040
3084,172,,,,WI,,52290,52-290
3085,224,,,,WI,,52170,52-170
3086,1140,,,,WI,,52680,52-680
3087,2562,,,,WI,,52381,52-381
3088,1670,,,,WI,,52480,52-480
3089,2031,,,,WI,,52060,52-060
3090,543,,,,WI,,52120,52-120
3091,2104,,,,WI,,52330,52-330
3092,2587,,,,WI,,52470,52-470
3093,2691,,,,WI,,52250,52-250
3094,5,,,,WI,,52590,52-590
3095,312,,,,WI,,52650,52-650
3096,1023,,,,WI,,52550,52-550
3097,1618,,,,WI,,52080,52-080
3098,1915,,,,WI,,52110,52-110
3099,468,,,,WI,,52610,52-610
3100,1525,,,,WI,,52370,52-370
3101,1643,,,,WI,,52140,52-140
3102,2677,,,,WI,,52320,52-320
3103,1595,,,,WI,,52030,52-030
3104,311,,,,WI,,52390,52-390
3105,499,,,,WI,,52440,52-440
3106,1972,,,,WI,,52340,52-340
3107,927,,,,WI,,52190,52-190
3108,1481,,,,WI,,52620,52-620
3109,1564,,,,WI,,52360,52-360
3110,2942,,,,WI,,52450,52-450
3111,205,,,,WV,,51180,51-180
3112,2542,,,,WV,,51360,51-360
3113,424,,,,WV,,51110,51-110
3114,692,,,,WV,,51050,51-050
3115,142,,,,WV,,51240,51-240
3116,1149,,,,WV,,51070,51-070
3117,2926,,,,WV,,51520,51-520
3118,2208,,,,WV,,51030,51-030
3119,1758,,,,WV,,51380,51-380
3120,2769,,,,WV,,51450,51-450
3121,2207,,,,WV,,51210,51-210
3122,1313,,,,WV,,51270,51-270
3123,1255,,,,WV,,51340,51-340
3124,2408,,,,WV,,51130,51-130
3125,294,,,,WV,,51010,51-010
3126,2359,,,,WV,,51150,51-150
3127,2545,,,,WV,,51370,51-370
3128,108,,,,WV,,51220,51-220
3129,687,,,,WV,,51230,51-230
3130,1087,,,,WV,,51020,51-020
3131,2577,,,,WV,,51430,51-430
3132,900,,,,WV,,51420,51-420
3133,914,,,,WV,,51140,51-140
3134,944,,,,WV,,51200,51-200
3135,1154,,,,WV,,51350,51-350
3136,1711,,,,WV,,51310,51-310
3137,2223,,,,WV,,51500,51-500
3138,2202,,,,WV,,51480,51-480
3139,731,,,,WV,,51440,51-440
3140,2417,,,,WV,,51120,51-120
3141,2503,,,,WV,,51260,51-260
3142,1369,,,,WV,,51490,51-490
3143,357,,,,WV,,51530,51-530
3144,405,,,,WV,,51090,51-090
3145,1308,,,,WV,,51290,51-290
3146,1392,,,,WV,,51300,51-300
3147,1657,,,,WV,,51410,51-410
3148,2790,,,,WV,,51330,51-330
3149,2141,,,,WV,,51000,51-000
3150,2169,,,,WV,,51320,51-320
3151,2335,,,,WV,,51510,51-510
3152,1165,,,,WV,,51190,51-190
3153,171,,,,WV,,51540,51-540
3154,710,,,,WV,,51390,51-390
3155,42,,,,WV,,51250,51-250
3156,1809,,,,WV,,51040,51-040
3157,1633,,,,WV,,51100,51-100
3158,136,,,,WV,,51160,51-160
3159,705,,,,WV,,51170,51-170
3160,1552,,,,WV,,51060,51-060
3161,617,,,,WV,,51400,51-400
3162,2660,,,,WV,,51470,51-470
3163,967,,,,WY,,53100,53-100
3164,1731,,,,WY,,53210,53-210
3165,288,,,,WY,,53120,53-120
3166,1269,,,,WY,,53010,53-010
3167,2914,,,,WY,,53090,53-090
3168,954,,,,WY,,53070,53-070
3169,2320,,,,WY,,53150,53-150
3170,2478,,,,WY,,53190,53-190
3171,833,,,,WY,,53140,53-140
3172,1827,,,,WY,,53170,53-170
3173,1072,,,,WY,,53110,53-110
3174,2337,,,,WY,,53160,53-160
3175,399,,,,WY,,53060,53-060
3176,832,,,,WY,,53000,53-000
3177,2379,,,,WY,,53040,53-040
3178,1566,,,,WY,,53020,53-020
3179,1940,,,,WY,,53030,53-030
3180,2403,,,,WY,,53220,53-220
3181,2709,,,,WY,,53050,53-050
3182,1814,,,,WY,,53080,53-080
3183,1464,,,,WY,,53180,53-180
3184,2556,,,,WY,,53200,53-200
